id,created_at,ticket_id,sender_id,sender_username,body,images,seen,sender_avatar_url
006263e1-f93f-4ed1-9e09-51052acec1c8,2023-11-24 09:33:22.697+00,f001e2e8-836e-446d-815d-282b73d8a810,anonymousId_35986166-535e-4349-8e78-2c91ed080723,anonymousId_35986166-535e-4349-8e78-2c91ed080723,tes,,true,
00690e19-d7db-4929-8180-0fb03543df4d,2023-11-23 16:24:55.206+00,32d51a82-74b8-44d3-a26f-917c6980a8d4,anonymousId_34b0e67f-adad-42d8-a277-5d79d640aebf,anonymousId_34b0e67f-adad-42d8-a277-5d79d640aebf,1 sec,,true,
006c1b83-68b2-44bf-afb7-2d701501986c,2023-11-23 16:33:10.204+00,32d51a82-74b8-44d3-a26f-917c6980a8d4,anonymousId_34b0e67f-adad-42d8-a277-5d79d640aebf,anonymousId_34b0e67f-adad-42d8-a277-5d79d640aebf,so,,true,
00b040af-18cb-4f54-85ab-555c1d600f3b,2023-12-07 15:27:13.452+00,b4c2a1bd-40a7-4b0e-9229-93413bcf3d07,anonymousId_45255a99-b61a-4ff1-864e-58f75f90f568,anonymousId_45255a99-b61a-4ff1-864e-58f75f90f568,ban,,true,
00eed001-ae30-4cdf-b0d7-587db846f328,2023-12-07 15:14:11.332+00,4df89596-4a77-4384-a775-7ecbef39d798,cf6f18cf-de80-4468-b767-f9f0fcd02e7b,Nikita,?,,true,https://lh3.googleusercontent.com/a/ACg8ocIv2-Ly1z0ag3ortZ5MWBUEzQ7LBFeiJ9aazsHRzIKXnms=s96-c
01570bd6-9102-4a8a-91b0-b3f944e7a7b2,2024-03-06 10:04:08.989+00,667955b5-36e7-4314-a268-90a164e9c9bf,anonymousId_cd1654f5-cd12-4fcd-8a4e-9c59b7762a74,anonymousId_cd1654f5-cd12-4fcd-8a4e-9c59b7762a74,Hi,,true,
015e1938-b2b5-4561-8dc0-183526b8176b,2023-12-07 13:41:49.381+00,9e1ff1c6-5f11-4788-a5c3-8e2b3fb202fe,cf6f18cf-de80-4468-b767-f9f0fcd02e7b,Nikita,1234,,true,https://lh3.googleusercontent.com/a/ACg8ocIv2-Ly1z0ag3ortZ5MWBUEzQ7LBFeiJ9aazsHRzIKXnms=s96-c
03c5893b-5342-4f63-97b9-ec3dabea2456,2023-12-07 18:28:42.754+00,88b21665-bb92-473f-bdb5-d98900f467f2,anonymousId_d0734f27-66f7-484a-a85c-444af53cfabe,anonymousId_d0734f27-66f7-484a-a85c-444af53cfabe,32,,false,
03ed1038-ca76-49d7-be2a-95485dee6893,2023-12-07 15:37:53.863+00,ba40a7da-3dbd-4e93-ab9e-b082cc9817ba,anonymousId_a7bfbd7a-4ea7-4d9c-9388-8310bb4a1940,anonymousId_a7bfbd7a-4ea7-4d9c-9388-8310bb4a1940,I open,,true,
0461d9e9-b8ce-4f42-ba96-6caee80e6702,2024-07-13 18:00:30.726+00,7f3cb405-3e19-4f8d-a904-483ea03052ab,anonymousId_2217b434-db9f-4398-ae49-500f9a9edf9e,anonymousId_2217b434-db9f-4398-ae49-500f9a9edf9e,how it works,,true,
056ec1ce-168d-48d0-b9fc-7303075a5c9f,2024-07-13 16:29:50.05+00,d560bf27-1d5b-44cd-8511-279a38be9b30,anonymousId_2217b434-db9f-4398-ae49-500f9a9edf9e,anonymousId_2217b434-db9f-4398-ae49-500f9a9edf9e,6,,true,
0579e44e-9750-42ac-867e-2a4ee0f5d660,2023-12-07 15:06:53.323+00,ee59ae68-5ac9-4704-aa7a-5f50266766a5,anonymousId_e4a27d7f-6388-439a-9899-88c68030069f,anonymousId_e4a27d7f-6388-439a-9899-88c68030069f,even 2,,true,
05e0efeb-9c29-4bdc-b380-eeb813cf7443,2023-11-23 19:31:59.932+00,32d51a82-74b8-44d3-a26f-917c6980a8d4,anonymousId_34b0e67f-adad-42d8-a277-5d79d640aebf,anonymousId_34b0e67f-adad-42d8-a277-5d79d640aebf,2,,true,
06063787-fbda-41bb-a41c-8ced1f654898,2023-12-07 15:37:52.034+00,ba40a7da-3dbd-4e93-ab9e-b082cc9817ba,anonymousId_a7bfbd7a-4ea7-4d9c-9388-8310bb4a1940,anonymousId_a7bfbd7a-4ea7-4d9c-9388-8310bb4a1940,ok,,true,
06e6f587-9ba9-4a54-b628-e4ebe34cde6d,2023-11-23 19:37:35.99+00,32d51a82-74b8-44d3-a26f-917c6980a8d4,anonymousId_34b0e67f-adad-42d8-a277-5d79d640aebf,anonymousId_34b0e67f-adad-42d8-a277-5d79d640aebf,test 2 unread,,true,
0795ff15-a6b1-44ea-94f7-fc0a76ae637e,2023-12-07 15:34:09.257+00,c1036ba9-6d6d-49e4-b192-ddd482dd2a44,anonymousId_a7bfbd7a-4ea7-4d9c-9388-8310bb4a1940,anonymousId_a7bfbd7a-4ea7-4d9c-9388-8310bb4a1940,its wrong,,true,
07b6ff04-831e-436d-884f-b211cd5aae1d,2023-12-07 15:54:07.624+00,bcd73a64-03c6-432c-a26c-997fcadd8b0b,anonymousId_a7bfbd7a-4ea7-4d9c-9388-8310bb4a1940,anonymousId_a7bfbd7a-4ea7-4d9c-9388-8310bb4a1940,ban,,true,
08bba91e-ade7-47ab-bb54-1db869063446,2023-12-07 15:02:11.964+00,ee59ae68-5ac9-4704-aa7a-5f50266766a5,anonymousId_e4a27d7f-6388-439a-9899-88c68030069f,anonymousId_e4a27d7f-6388-439a-9899-88c68030069f,and what about read messages?,,true,
09a06efd-ef44-4a3f-a6ed-1590f38104f2,2023-11-24 09:13:25.655+00,1133be33-e4ea-4fa7-852b-3dc3166dddab,anonymousId_35986166-535e-4349-8e78-2c91ed080723,anonymousId_35986166-535e-4349-8e78-2c91ed080723,123,,false,
0a46b1c5-0150-4ef3-9701-976c5936f6d2,2023-12-07 17:21:09.307+00,607437de-6c95-4ef5-824b-4784e74194df,anonymousId_a7bfbd7a-4ea7-4d9c-9388-8310bb4a1940,anonymousId_a7bfbd7a-4ea7-4d9c-9388-8310bb4a1940,d,,true,
0d45b711-6109-42aa-b20c-8e89d196362a,2024-07-13 16:29:55.138+00,d560bf27-1d5b-44cd-8511-279a38be9b30,anonymousId_2217b434-db9f-4398-ae49-500f9a9edf9e,anonymousId_2217b434-db9f-4398-ae49-500f9a9edf9e,4,,true,
0db9d3c9-5c74-4eb4-a3f3-2f14d2944f6c,2023-11-24 09:22:15.04+00,4518bd91-1502-47cb-ae3a-a596ab5c88ff,anonymousId_35986166-535e-4349-8e78-2c91ed080723,anonymousId_35986166-535e-4349-8e78-2c91ed080723,hi3,,false,
0ed52c4a-9e88-400d-b753-7b5925df9791,2023-11-24 10:23:42.304+00,d67e3b5f-9e01-4e9c-9f5d-d9d922b14dd7,anonymousId_35986166-535e-4349-8e78-2c91ed080723,anonymousId_35986166-535e-4349-8e78-2c91ed080723,bad contrast,,true,
0f1aa0e6-bfe4-4e15-b2a7-a04720a93406,2023-12-07 12:00:54.891+00,8d2b4c87-097f-4e15-a72e-b160ee4b2b65,anonymousId_e1e4ce6f-2720-44b8-8c42-5f1894851af4,anonymousId_e1e4ce6f-2720-44b8-8c42-5f1894851af4,еуые,,true,
0fad138d-d036-4ab3-980e-b8e8c48b4b92,2023-11-24 13:35:49.306+00,9a78bb24-5746-4230-8525-0bf1676a0190,anonymousId_818254f8-c5dd-4976-88c0-5d9ccce20adc,anonymousId_818254f8-c5dd-4976-88c0-5d9ccce20adc,re,,true,
108e3472-3e47-4fa6-b0e2-5ab2dc8d8187,2023-12-07 15:53:40.84+00,2b66c140-bf73-486e-96a5-a176254c24a1,anonymousId_a7bfbd7a-4ea7-4d9c-9388-8310bb4a1940,anonymousId_a7bfbd7a-4ea7-4d9c-9388-8310bb4a1940,close,,true,
10a27308-7c4f-4978-9652-ea64d8789557,2023-12-07 15:02:56.333+00,ee59ae68-5ac9-4704-aa7a-5f50266766a5,anonymousId_e4a27d7f-6388-439a-9899-88c68030069f,anonymousId_e4a27d7f-6388-439a-9899-88c68030069f,100%,,true,
10b58809-8446-4ca1-987f-32aec94a92e6,2024-03-24 19:55:10.036+00,9f3c36a4-7062-4b42-81f5-86bdf38defe2,anonymousId_96b43918-bf9f-46de-ae21-5168c212c200,anonymousId_96b43918-bf9f-46de-ae21-5168c212c200,hey,,true,
10be6b24-dd62-49c6-9b47-8c53e093ad09,2023-12-07 14:15:39.871+00,cde8e3c0-68b1-421a-a2cd-d2ba885bd1f9,anonymousId_0417a863-b15c-4f7c-8564-e28fe621dae9,anonymousId_0417a863-b15c-4f7c-8564-e28fe621dae9,zo,,true,
10c20c13-ba4e-4e62-b19a-730d3f0113f7,2023-11-23 16:20:39.441+00,32d51a82-74b8-44d3-a26f-917c6980a8d4,4b1a856c-bbf4-467e-ab08-2d07b9afab97,Nikita,sico mode,,true,https://lh3.googleusercontent.com/a/ACg8ocIv2-Ly1z0ag3ortZ5MWBUEzQ7LBFeiJ9aazsHRzIKXnms=s96-c
11b175d5-1832-494a-a7cc-62df7336d717,2023-12-07 14:49:28.943+00,2346391b-abfb-425d-8aa4-05a05900d436,anonymousId_31cba17f-071f-480c-b3b3-7a178497ed89,anonymousId_31cba17f-071f-480c-b3b3-7a178497ed89,dd,,true,
128efadd-0709-4870-9a8a-ec6eaac4525d,2024-07-13 18:15:15.476+00,anonymousId_a1290820-fdec-4cca-aa4e-f4c604d62593,anonymousId_a1290820-fdec-4cca-aa4e-f4c604d62593,anonymousId_a1290820-fdec-4cca-aa4e-f4c604d62593,3,,true,
12f314fe-b52e-4edf-b5b2-18aeb81fb3a1,2023-12-07 12:02:26.825+00,8d2b4c87-097f-4e15-a72e-b160ee4b2b65,anonymousId_e1e4ce6f-2720-44b8-8c42-5f1894851af4,anonymousId_e1e4ce6f-2720-44b8-8c42-5f1894851af4,message,,true,
1325dab2-e3ff-434c-baf4-e37d7a01538d,2024-07-13 18:14:08.851+00,anonymousId_2217b434-db9f-4398-ae49-500f9a9edf9e,anonymousId_2217b434-db9f-4398-ae49-500f9a9edf9e,anonymousId_2217b434-db9f-4398-ae49-500f9a9edf9e,5,,true,
1331d4a0-d90c-4ebf-b5b6-11d992790d7c,2023-11-24 08:27:15.339+00,1e00f153-8ea3-49b4-9002-a9690d081e83,4b1a856c-bbf4-467e-ab08-2d07b9afab97,Nikita,Thank you,,true,https://lh3.googleusercontent.com/a/ACg8ocIv2-Ly1z0ag3ortZ5MWBUEzQ7LBFeiJ9aazsHRzIKXnms=s96-c
13fb9bc1-eb48-49dc-a5f9-1f7baf2745d9,2023-12-07 15:34:05.767+00,c1036ba9-6d6d-49e4-b192-ddd482dd2a44,anonymousId_a7bfbd7a-4ea7-4d9c-9388-8310bb4a1940,anonymousId_a7bfbd7a-4ea7-4d9c-9388-8310bb4a1940,yes,,true,
158df6f7-29e5-4b37-9e42-d0f03801fb89,2023-11-23 19:34:42.011+00,32d51a82-74b8-44d3-a26f-917c6980a8d4,anonymousId_34b0e67f-adad-42d8-a277-5d79d640aebf,anonymousId_34b0e67f-adad-42d8-a277-5d79d640aebf,8,,true,
158dfc28-cff5-4b62-9d57-20b40cdbc2a3,2023-12-07 15:30:31.782+00,f228b2a6-0265-48c4-9eb8-32eafacdd36d,anonymousId_45255a99-b61a-4ff1-864e-58f75f90f568,anonymousId_45255a99-b61a-4ff1-864e-58f75f90f568,me,,true,
16887668-a0ca-40bb-a39a-9faa5041d2f2,2023-12-07 14:50:00.687+00,2346391b-abfb-425d-8aa4-05a05900d436,anonymousId_31cba17f-071f-480c-b3b3-7a178497ed89,anonymousId_31cba17f-071f-480c-b3b3-7a178497ed89,new msg,,true,
168e0351-8744-4f5a-9a24-d3d9cb078b3a,2024-03-24 19:10:35.429+00,7df4fb73-5c7d-4a72-8e85-619dc6d60bbe,anonymousId_44c96b1a-e1b8-4297-b2bc-b155f35ca597,anonymousId_44c96b1a-e1b8-4297-b2bc-b155f35ca597,ds,,true,
1b5ebf87-fc9a-45a2-9011-9edb246acfb6,2023-12-07 14:50:50.714+00,2346391b-abfb-425d-8aa4-05a05900d436,6048389f-ba04-4800-a734-df936e3559f3,Nikita,message,,true,
1bfe0fef-c5c2-4b22-bd89-adbcec4e08d9,2023-12-07 12:01:36.638+00,8d2b4c87-097f-4e15-a72e-b160ee4b2b65,anonymousId_e1e4ce6f-2720-44b8-8c42-5f1894851af4,anonymousId_e1e4ce6f-2720-44b8-8c42-5f1894851af4,12345,,true,
1c302a74-98da-48f0-be12-2d87ca63930d,2024-03-06 19:31:45.928+00,71161430-6ee2-4577-8c03-7522b86dbe16,anonymousId_64d259d0-e7e8-437b-b800-6024b848998a,anonymousId_64d259d0-e7e8-437b-b800-6024b848998a,pusher subscribe,,true,
1cfe4627-1bc9-4f43-976d-5ffd0a7449ae,2023-12-07 15:32:07.753+00,ce3108c5-043c-4e3d-9fd5-dd8d4960200e,anonymousId_7cf8d616-87bb-4578-8b95-eecbc708c1a7,anonymousId_7cf8d616-87bb-4578-8b95-eecbc708c1a7,it should be,,true,
1d31009a-d036-483d-afc1-4e3aa592ef71,2023-11-23 19:28:00.851+00,32d51a82-74b8-44d3-a26f-917c6980a8d4,anonymousId_34b0e67f-adad-42d8-a277-5d79d640aebf,anonymousId_34b0e67f-adad-42d8-a277-5d79d640aebf,1,,true,
1d613320-00fa-44cf-aecc-5406345db4e1,2025-02-05 22:15:03.29+00,anonymousId_ece6cb36-9443-4933-82d7-481398825c24,anonymousId_ece6cb36-9443-4933-82d7-481398825c24,anonymousId_ece6cb36-9443-4933-82d7-481398825c24,hello?,,false,
1daf91a2-3736-423b-bd2f-b8a1eab40424,2024-07-13 18:14:07.771+00,anonymousId_2217b434-db9f-4398-ae49-500f9a9edf9e,anonymousId_2217b434-db9f-4398-ae49-500f9a9edf9e,anonymousId_2217b434-db9f-4398-ae49-500f9a9edf9e,3,,true,
1dbbd1a8-0c50-47e8-b114-1442e3deaab7,2024-03-24 19:14:44.135+00,abe8cd15-eb25-4c76-92d6-f31635eb3d22,anonymousId_7d377a87-64c1-45a8-8d5f-e8254424621f,anonymousId_7d377a87-64c1-45a8-8d5f-e8254424621f,dsfds,,true,
1dfc04b0-1bde-40b2-a83c-52d50ef508e4,2023-11-23 19:34:41.09+00,32d51a82-74b8-44d3-a26f-917c6980a8d4,anonymousId_34b0e67f-adad-42d8-a277-5d79d640aebf,anonymousId_34b0e67f-adad-42d8-a277-5d79d640aebf,6,,true,
1e6f980e-7bc2-4354-b81d-80d4b39c6927,2023-11-23 19:33:33.662+00,32d51a82-74b8-44d3-a26f-917c6980a8d4,anonymousId_34b0e67f-adad-42d8-a277-5d79d640aebf,anonymousId_34b0e67f-adad-42d8-a277-5d79d640aebf,8,,true,
1f05cd11-b57d-4c6c-8a53-36353499ea1d,2023-12-07 15:01:38.648+00,ee59ae68-5ac9-4704-aa7a-5f50266766a5,anonymousId_e4a27d7f-6388-439a-9899-88c68030069f,anonymousId_e4a27d7f-6388-439a-9899-88c68030069f,And I want you to test,,true,
1f394f6a-102f-46cb-b61e-2279e5421fe8,2023-12-07 12:00:58.119+00,8d2b4c87-097f-4e15-a72e-b160ee4b2b65,anonymousId_e1e4ce6f-2720-44b8-8c42-5f1894851af4,anonymousId_e1e4ce6f-2720-44b8-8c42-5f1894851af4,lol,,true,
1ffa3299-b45d-4d09-ab3d-3a0efa179e48,2023-11-23 19:34:39.205+00,32d51a82-74b8-44d3-a26f-917c6980a8d4,anonymousId_34b0e67f-adad-42d8-a277-5d79d640aebf,anonymousId_34b0e67f-adad-42d8-a277-5d79d640aebf,2,,true,
2059a51f-adb6-4faf-8bc9-8fb8848a307d,2023-12-07 15:31:58.332+00,ce3108c5-043c-4e3d-9fd5-dd8d4960200e,anonymousId_7cf8d616-87bb-4578-8b95-eecbc708c1a7,anonymousId_7cf8d616-87bb-4578-8b95-eecbc708c1a7,Oh I messaged with you form prod,,true,
22450823-5318-4182-80d1-471049281e68,2023-11-23 16:32:46.463+00,32d51a82-74b8-44d3-a26f-917c6980a8d4,4b1a856c-bbf4-467e-ab08-2d07b9afab97,Nikita,now yes,,true,https://lh3.googleusercontent.com/a/ACg8ocIv2-Ly1z0ag3ortZ5MWBUEzQ7LBFeiJ9aazsHRzIKXnms=s96-c
23d41fa4-cc9c-4027-af7e-5b11d4f935a5,2023-11-23 16:21:46.476+00,32d51a82-74b8-44d3-a26f-917c6980a8d4,anonymousId_34b0e67f-adad-42d8-a277-5d79d640aebf,anonymousId_34b0e67f-adad-42d8-a277-5d79d640aebf,you here?,,true,
249f9b7f-120c-437c-b16e-5416967435bc,2023-11-24 09:25:02.133+00,36cd2d31-fe82-423c-ab27-5b33d3524e60,anonymousId_35986166-535e-4349-8e78-2c91ed080723,anonymousId_35986166-535e-4349-8e78-2c91ed080723,123,,false,
254dfd74-03f8-4168-b7e1-87ecdebf24ae,2023-12-07 15:42:21.739+00,a032f0f6-be9f-4141-b314-e69e1d630b4f,anonymousId_a7bfbd7a-4ea7-4d9c-9388-8310bb4a1940,anonymousId_a7bfbd7a-4ea7-4d9c-9388-8310bb4a1940,ban?,,true,
2578660a-aa27-4d1b-8817-f7acc5be9ac5,2023-12-07 14:27:03.433+00,cde8e3c0-68b1-421a-a2cd-d2ba885bd1f9,cf6f18cf-de80-4468-b767-f9f0fcd02e7b,Nikita,ja,,true,https://lh3.googleusercontent.com/a/ACg8ocIv2-Ly1z0ag3ortZ5MWBUEzQ7LBFeiJ9aazsHRzIKXnms=s96-c
2647ef88-a95f-4be5-be93-24d9364c4dd7,2023-12-04 13:06:24.623+00,536e7268-9269-45af-9b02-7148d2c5ff53,anonymousId_3ce8c690-4fd9-4dd7-a6dd-d9e08a8d1717,anonymousId_3ce8c690-4fd9-4dd7-a6dd-d9e08a8d1717,hi,,true,
26d86372-ccf8-488e-90b8-7b5b4a2f5695,2023-12-07 17:21:09.308+00,607437de-6c95-4ef5-824b-4784e74194df,anonymousId_a7bfbd7a-4ea7-4d9c-9388-8310bb4a1940,anonymousId_a7bfbd7a-4ea7-4d9c-9388-8310bb4a1940,ew,,true,
28177c38-7f92-4e36-9bdc-fc631f9766cd,2023-12-07 15:15:58.177+00,4df89596-4a77-4384-a775-7ecbef39d798,anonymousId_45255a99-b61a-4ff1-864e-58f75f90f568,anonymousId_45255a99-b61a-4ff1-864e-58f75f90f568,d3,,true,
282a8a79-a77d-48f8-8986-660d355452f3,2023-12-07 17:22:16.814+00,0a1d7265-8c88-4558-bf9d-051d96e4e35f,anonymousId_a7bfbd7a-4ea7-4d9c-9388-8310bb4a1940,anonymousId_a7bfbd7a-4ea7-4d9c-9388-8310bb4a1940,f,,true,
285118b8-4457-4de3-89e8-40dff2475ed2,2023-12-07 17:43:06.732+00,e36406be-c838-4125-9256-636f472f0aef,anonymousId_a7bfbd7a-4ea7-4d9c-9388-8310bb4a1940,anonymousId_a7bfbd7a-4ea7-4d9c-9388-8310bb4a1940,1234,,true,
28e72c54-6b6d-49aa-80c5-52f8ff1ed192,2023-11-23 18:49:03.128+00,32d51a82-74b8-44d3-a26f-917c6980a8d4,anonymousId_34b0e67f-adad-42d8-a277-5d79d640aebf,anonymousId_34b0e67f-adad-42d8-a277-5d79d640aebf,200,,true,
29aa2506-fde0-4469-95ed-a89201257026,2023-12-07 15:32:22.208+00,ce3108c5-043c-4e3d-9fd5-dd8d4960200e,6048389f-ba04-4800-a734-df936e3559f3,Nikita,kind,,true,
29cb842b-6ac9-4348-9380-27f84be363a4,2025-02-06 08:21:40.668+00,anonymousId_a7d2cd91-4b6b-4779-8e2f-5ad44ac9d67c,anonymousId_a7d2cd91-4b6b-4779-8e2f-5ad44ac9d67c,anonymousId_a7d2cd91-4b6b-4779-8e2f-5ad44ac9d67c,Hi,,false,
2aaeebf6-ce66-4eac-aab3-04118e76ddf5,2023-12-07 14:27:40.753+00,cde8e3c0-68b1-421a-a2cd-d2ba885bd1f9,anonymousId_0417a863-b15c-4f7c-8564-e28fe621dae9,anonymousId_0417a863-b15c-4f7c-8564-e28fe621dae9,gelesende Nachtichten funtioniert nicht so gut,,true,
2bc1ea41-c908-4599-be29-4cc5cef788fb,2023-12-07 15:41:11.479+00,5bf59cf7-0b48-4109-ad1c-5985c304a1ca,cf6f18cf-de80-4468-b767-f9f0fcd02e7b,Nikita,oke,,true,https://lh3.googleusercontent.com/a/ACg8ocIv2-Ly1z0ag3ortZ5MWBUEzQ7LBFeiJ9aazsHRzIKXnms=s96-c
2c050fbd-3d7e-440d-abce-a15c5e2eafc7,2023-12-07 15:41:00.192+00,5bf59cf7-0b48-4109-ad1c-5985c304a1ca,anonymousId_a7bfbd7a-4ea7-4d9c-9388-8310bb4a1940,anonymousId_a7bfbd7a-4ea7-4d9c-9388-8310bb4a1940,new,,true,
2c256d19-09f8-4c48-8334-52b340ef0280,2024-01-17 10:03:54.565+00,8f54b1ad-644c-4ef5-b712-e3f095a146b2,cf6f18cf-de80-4468-b767-f9f0fcd02e7b,Nikita,I close this ticket as inactive,,false,https://lh3.googleusercontent.com/a/ACg8ocIv2-Ly1z0ag3ortZ5MWBUEzQ7LBFeiJ9aazsHRzIKXnms=s96-c
2c4da6f6-195c-4231-a997-41cc0846a950,2023-12-07 15:42:12.554+00,a032f0f6-be9f-4141-b314-e69e1d630b4f,anonymousId_a7bfbd7a-4ea7-4d9c-9388-8310bb4a1940,anonymousId_a7bfbd7a-4ea7-4d9c-9388-8310bb4a1940,tes,,true,
2c83afa0-d829-4417-af75-9c0be1dd9eab,2023-12-07 15:03:02.979+00,ee59ae68-5ac9-4704-aa7a-5f50266766a5,anonymousId_e4a27d7f-6388-439a-9899-88c68030069f,anonymousId_e4a27d7f-6388-439a-9899-88c68030069f,now?,,true,
2ca164eb-393c-4199-834a-52a69c7cd0f4,2023-12-07 15:02:25.281+00,ee59ae68-5ac9-4704-aa7a-5f50266766a5,6048389f-ba04-4800-a734-df936e3559f3,Nikita,yes its unread,,true,
2d23aeaa-3a50-49c7-bf02-1acb11af2b04,2023-12-07 15:33:20.519+00,cfc810e7-e2db-44b7-97b4-ee5932789463,cf6f18cf-de80-4468-b767-f9f0fcd02e7b,Nikita,what?,,true,https://lh3.googleusercontent.com/a/ACg8ocIv2-Ly1z0ag3ortZ5MWBUEzQ7LBFeiJ9aazsHRzIKXnms=s96-c
2df9e21a-e3cd-421c-936d-94a871f652d7,2023-11-23 19:34:42.584+00,32d51a82-74b8-44d3-a26f-917c6980a8d4,anonymousId_34b0e67f-adad-42d8-a277-5d79d640aebf,anonymousId_34b0e67f-adad-42d8-a277-5d79d640aebf,9,,true,
2e1fbf6c-739a-4ddb-999a-10801124588a,2024-03-24 19:02:14.991+00,b73ec210-2c56-4de2-9937-85106790287a,anonymousId_44c96b1a-e1b8-4297-b2bc-b155f35ca597,anonymousId_44c96b1a-e1b8-4297-b2bc-b155f35ca597,hey,,true,
2e22eca7-4a68-4826-bb90-637cc5636f87,2024-07-13 18:52:39.935+00,anonymousId_a1290820-fdec-4cca-aa4e-f4c604d62593,anonymousId_a1290820-fdec-4cca-aa4e-f4c604d62593,anonymousId_a1290820-fdec-4cca-aa4e-f4c604d62593,And this is my new message,,true,
2e691bcd-d19d-4850-a009-21b0ddc88e80,2023-12-07 15:38:30.234+00,0951b30c-fe68-41b4-845e-f7468e090f5a,anonymousId_a7bfbd7a-4ea7-4d9c-9388-8310bb4a1940,anonymousId_a7bfbd7a-4ea7-4d9c-9388-8310bb4a1940,and,,true,
2eaaeddd-8eb0-428e-ba67-7ed38008e86b,2023-12-07 14:47:11.796+00,2346391b-abfb-425d-8aa4-05a05900d436,6048389f-ba04-4800-a734-df936e3559f3,Nikita,you,,true,
2ff537ac-4735-4e20-b072-b06ba1daad0d,2023-12-07 15:14:16.9+00,4df89596-4a77-4384-a775-7ecbef39d798,cf6f18cf-de80-4468-b767-f9f0fcd02e7b,Nikita,?,,true,https://lh3.googleusercontent.com/a/ACg8ocIv2-Ly1z0ag3ortZ5MWBUEzQ7LBFeiJ9aazsHRzIKXnms=s96-c
30a8f2a6-f4fe-4104-a9b5-d5070f7e80a7,2023-12-07 13:43:07.772+00,1bc84a71-8da1-4925-a996-5d37e8477627,cf6f18cf-de80-4468-b767-f9f0fcd02e7b,Nikita,resp,,true,https://lh3.googleusercontent.com/a/ACg8ocIv2-Ly1z0ag3ortZ5MWBUEzQ7LBFeiJ9aazsHRzIKXnms=s96-c
30c0fc87-2ae7-4cb1-bb71-f719a0b6ba3e,2023-11-23 16:12:30.598+00,32d51a82-74b8-44d3-a26f-917c6980a8d4,4b1a856c-bbf4-467e-ab08-2d07b9afab97,Nikita,3,,true,https://lh3.googleusercontent.com/a/ACg8ocIv2-Ly1z0ag3ortZ5MWBUEzQ7LBFeiJ9aazsHRzIKXnms=s96-c
315627c9-2503-416a-9880-8ffda434116a,2023-12-07 15:37:57.393+00,ba40a7da-3dbd-4e93-ab9e-b082cc9817ba,cf6f18cf-de80-4468-b767-f9f0fcd02e7b,Nikita,one more,,true,https://lh3.googleusercontent.com/a/ACg8ocIv2-Ly1z0ag3ortZ5MWBUEzQ7LBFeiJ9aazsHRzIKXnms=s96-c
31cc8bad-be6b-48f4-91b6-0b8a4d0d2a96,2024-03-07 07:20:19.372+00,5feec32e-e026-4f86-a30c-bde4fde46f9a,anonymousId_3161077a-98e6-4267-92e0-4aa95ef89c8c,anonymousId_3161077a-98e6-4267-92e0-4aa95ef89c8c,hey what's up,,true,
3279d30a-1555-4b7c-a25a-debe2b8dfc0b,2024-07-03 23:02:18.634+00,9811a229-5a8d-4035-874b-81badaf5a2a4,anonymousId_76760ffb-69a8-4bc7-919a-b18cbba2382b,anonymousId_76760ffb-69a8-4bc7-919a-b18cbba2382b,how are you?,,false,
32f78bf5-ecfa-412c-938f-6186d4472203,2023-11-23 16:32:59.31+00,32d51a82-74b8-44d3-a26f-917c6980a8d4,anonymousId_34b0e67f-adad-42d8-a277-5d79d640aebf,anonymousId_34b0e67f-adad-42d8-a277-5d79d640aebf,great,,true,
32fa86c6-9e41-4f88-987b-b3a47fde928c,2023-12-07 15:26:34.967+00,b4c2a1bd-40a7-4b0e-9229-93413bcf3d07,anonymousId_45255a99-b61a-4ff1-864e-58f75f90f568,anonymousId_45255a99-b61a-4ff1-864e-58f75f90f568,ok,,true,
34bc3432-00b2-4435-92a6-6e86336e9d86,2023-11-24 08:52:30.355+00,90a4f149-6ff7-48c1-8c5c-7bf28676aa59,anonymousId_35986166-535e-4349-8e78-2c91ed080723,anonymousId_35986166-535e-4349-8e78-2c91ed080723,Close this ticket,,true,
3527737c-ce57-4479-b324-0f18c2f2d087,2024-07-13 18:14:06.935+00,anonymousId_2217b434-db9f-4398-ae49-500f9a9edf9e,anonymousId_2217b434-db9f-4398-ae49-500f9a9edf9e,anonymousId_2217b434-db9f-4398-ae49-500f9a9edf9e,2,,true,
3549a392-e018-4cfd-b671-7349c3a0c6e1,2023-12-07 14:46:44.859+00,2346391b-abfb-425d-8aa4-05a05900d436,anonymousId_31cba17f-071f-480c-b3b3-7a178497ed89,anonymousId_31cba17f-071f-480c-b3b3-7a178497ed89,hi,,true,
35f7d6fd-a74a-4c7f-9544-6fbcace5e717,2023-12-07 15:29:26.1+00,f228b2a6-0265-48c4-9eb8-32eafacdd36d,anonymousId_45255a99-b61a-4ff1-864e-58f75f90f568,anonymousId_45255a99-b61a-4ff1-864e-58f75f90f568,I message,,true,
366f36f5-20c7-4dc5-bd04-0b3473783a1f,2023-12-07 15:01:24.2+00,ee59ae68-5ac9-4704-aa7a-5f50266766a5,anonymousId_e4a27d7f-6388-439a-9899-88c68030069f,anonymousId_e4a27d7f-6388-439a-9899-88c68030069f,force-dynamic,,true,
368e8584-0d1f-4d2b-ad87-4cc028ac9427,2024-07-13 18:15:19.791+00,anonymousId_a1290820-fdec-4cca-aa4e-f4c604d62593,anonymousId_a1290820-fdec-4cca-aa4e-f4c604d62593,anonymousId_a1290820-fdec-4cca-aa4e-f4c604d62593,10,,true,
380709f2-f12a-42c7-8268-2ba4d01426f6,2023-12-07 15:06:16.581+00,ee59ae68-5ac9-4704-aa7a-5f50266766a5,anonymousId_e4a27d7f-6388-439a-9899-88c68030069f,anonymousId_e4a27d7f-6388-439a-9899-88c68030069f,prod,,true,
3976d7df-2c91-46be-abc3-3540e6b44599,2023-12-07 15:15:30.923+00,4df89596-4a77-4384-a775-7ecbef39d798,anonymousId_45255a99-b61a-4ff1-864e-58f75f90f568,anonymousId_45255a99-b61a-4ff1-864e-58f75f90f568,desktop sidebar,,true,
39c81c97-3576-483f-864a-5c3965e43e5e,2023-12-07 11:52:32.129+00,8d2b4c87-097f-4e15-a72e-b160ee4b2b65,anonymousId_e1e4ce6f-2720-44b8-8c42-5f1894851af4,anonymousId_e1e4ce6f-2720-44b8-8c42-5f1894851af4,123,,true,
3b0b9307-9cc1-4e84-a7cc-af8a8997d6d3,2023-12-07 13:46:01.827+00,1bc84a71-8da1-4925-a996-5d37e8477627,cf6f18cf-de80-4468-b767-f9f0fcd02e7b,Nikita,np,,true,https://lh3.googleusercontent.com/a/ACg8ocIv2-Ly1z0ag3ortZ5MWBUEzQ7LBFeiJ9aazsHRzIKXnms=s96-c
3b37f144-96b3-4572-ae5b-7cf40da8cce3,2023-12-07 15:02:50.823+00,ee59ae68-5ac9-4704-aa7a-5f50266766a5,6048389f-ba04-4800-a734-df936e3559f3,Nikita,and in 5 mins it may not work,,true,
3c55aa46-e6a8-406a-93a8-343e509fcff7,2023-12-07 16:14:44.175+00,6dc62378-702b-4e94-9e68-cb76e16ebdb5,anonymousId_a7bfbd7a-4ea7-4d9c-9388-8310bb4a1940,anonymousId_a7bfbd7a-4ea7-4d9c-9388-8310bb4a1940,hi,,true,
3e215107-c3eb-4d33-976a-478b948b4f98,2024-07-13 16:29:48.364+00,d560bf27-1d5b-44cd-8511-279a38be9b30,anonymousId_2217b434-db9f-4398-ae49-500f9a9edf9e,anonymousId_2217b434-db9f-4398-ae49-500f9a9edf9e,3,,true,
3fb102a0-821e-4cfc-963c-4e2b4edfa192,2023-11-23 19:34:40.312+00,32d51a82-74b8-44d3-a26f-917c6980a8d4,anonymousId_34b0e67f-adad-42d8-a277-5d79d640aebf,anonymousId_34b0e67f-adad-42d8-a277-5d79d640aebf,4,,true,
3fb713e4-db3b-4a36-a9d5-f9fc654910e5,2023-11-23 19:37:21.423+00,32d51a82-74b8-44d3-a26f-917c6980a8d4,anonymousId_34b0e67f-adad-42d8-a277-5d79d640aebf,anonymousId_34b0e67f-adad-42d8-a277-5d79d640aebf,12,,true,
3fe5d727-849a-4f1c-98d1-1f16e1bbceec,2023-11-23 19:31:59.932+00,32d51a82-74b8-44d3-a26f-917c6980a8d4,anonymousId_34b0e67f-adad-42d8-a277-5d79d640aebf,anonymousId_34b0e67f-adad-42d8-a277-5d79d640aebf,1,,true,
40d23819-1f4d-4b2f-91ba-b839c45148cc,2023-12-07 12:02:28.097+00,8d2b4c87-097f-4e15-a72e-b160ee4b2b65,anonymousId_e1e4ce6f-2720-44b8-8c42-5f1894851af4,anonymousId_e1e4ce6f-2720-44b8-8c42-5f1894851af4,"for ",,true,
438f052d-0e10-4175-81f5-4d5b9d59c925,2024-03-06 10:17:59.594+00,d64f4506-8355-46ec-ada7-00ebcf63c09d,anonymousId_cd1654f5-cd12-4fcd-8a4e-9c59b7762a74,anonymousId_cd1654f5-cd12-4fcd-8a4e-9c59b7762a74,6 figures SSMA,,true,
441e0f12-7fb5-4c37-8eaf-41002c9bd095,2023-12-07 17:25:31.488+00,e7c9ab8d-dbce-431e-b867-f2ae07f865a7,anonymousId_a7bfbd7a-4ea7-4d9c-9388-8310bb4a1940,anonymousId_a7bfbd7a-4ea7-4d9c-9388-8310bb4a1940,123,,true,
4668782b-d04d-4bf7-99a7-351855630ba4,2023-12-07 14:00:02.924+00,cde8e3c0-68b1-421a-a2cd-d2ba885bd1f9,anonymousId_0417a863-b15c-4f7c-8564-e28fe621dae9,anonymousId_0417a863-b15c-4f7c-8564-e28fe621dae9,yes,,true,
4699ef09-eeea-4a29-9d1b-e42bbe93423a,2025-02-06 08:22:07.046+00,anonymousId_a7d2cd91-4b6b-4779-8e2f-5ad44ac9d67c,anonymousId_a7d2cd91-4b6b-4779-8e2f-5ad44ac9d67c,anonymousId_a7d2cd91-4b6b-4779-8e2f-5ad44ac9d67c,hi,,false,
46df7ad6-001c-425a-8109-7f2338182d46,2023-11-24 08:52:34.741+00,90a4f149-6ff7-48c1-8c5c-7bf28676aa59,4b1a856c-bbf4-467e-ab08-2d07b9afab97,Nikita,oke,,true,https://lh3.googleusercontent.com/a/ACg8ocIv2-Ly1z0ag3ortZ5MWBUEzQ7LBFeiJ9aazsHRzIKXnms=s96-c
4733b95e-775d-4372-bad2-f8594cf72fb4,2023-12-07 15:30:49.757+00,f228b2a6-0265-48c4-9eb8-32eafacdd36d,anonymousId_45255a99-b61a-4ff1-864e-58f75f90f568,anonymousId_45255a99-b61a-4ff1-864e-58f75f90f568,and msg,,true,
476c49d5-2e68-4577-9f34-26002de6e53d,2023-12-04 13:07:39.345+00,536e7268-9269-45af-9b02-7148d2c5ff53,anonymousId_3ce8c690-4fd9-4dd7-a6dd-d9e08a8d1717,anonymousId_3ce8c690-4fd9-4dd7-a6dd-d9e08a8d1717,me2,,true,
477a8bb5-36f3-4bf5-917d-5c4b3d617e80,2023-12-07 15:36:35.911+00,e99c010c-4786-496c-b163-2456138a9bfa,anonymousId_a7bfbd7a-4ea7-4d9c-9388-8310bb4a1940,anonymousId_a7bfbd7a-4ea7-4d9c-9388-8310bb4a1940,:),,true,
4795dfab-7d35-471f-8ef5-dc3309660e58,2024-03-24 19:14:08.454+00,abe8cd15-eb25-4c76-92d6-f31635eb3d22,anonymousId_7d377a87-64c1-45a8-8d5f-e8254424621f,anonymousId_7d377a87-64c1-45a8-8d5f-e8254424621f,msg,,true,
47ad1998-74fd-485e-8b08-57471f60b706,2023-11-23 16:05:55.401+00,7a4b6216-276e-47cb-bef0-b21eb6219277,anonymousId_4bee4fca-c555-4c4d-bf09-7850978ca177,anonymousId_4bee4fca-c555-4c4d-bf09-7850978ca177,3,,true,
48428eb6-6bf0-482f-9166-5f594a6ca560,2023-12-07 14:46:55.986+00,2346391b-abfb-425d-8aa4-05a05900d436,6048389f-ba04-4800-a734-df936e3559f3,Nikita,hey man,,true,
491b4d71-afad-4494-8e14-8fd7c8553778,2023-11-23 17:52:46.017+00,32d51a82-74b8-44d3-a26f-917c6980a8d4,anonymousId_34b0e67f-adad-42d8-a277-5d79d640aebf,anonymousId_34b0e67f-adad-42d8-a277-5d79d640aebf,unread,,true,
4977f52f-48d3-4900-8102-ab7d234c9fb8,2024-03-24 19:56:17.374+00,6c9120ed-a0bf-4ddc-86eb-bd77a2c02f5b,anonymousId_96b43918-bf9f-46de-ae21-5168c212c200,anonymousId_96b43918-bf9f-46de-ae21-5168c212c200,hey,,true,
4a1d3706-69e0-4a21-9f8f-2cad80c0dd5a,2024-07-13 18:00:30.726+00,7f3cb405-3e19-4f8d-a904-483ea03052ab,anonymousId_2217b434-db9f-4398-ae49-500f9a9edf9e,anonymousId_2217b434-db9f-4398-ae49-500f9a9edf9e,I jsut want to text this chat,,true,
4afaeae5-5e17-41b1-b6b6-ec0149097a2b,2023-12-07 15:15:52.532+00,4df89596-4a77-4384-a775-7ecbef39d798,cf6f18cf-de80-4468-b767-f9f0fcd02e7b,Nikita,12e,,true,https://lh3.googleusercontent.com/a/ACg8ocIv2-Ly1z0ag3ortZ5MWBUEzQ7LBFeiJ9aazsHRzIKXnms=s96-c
4aff7a7f-97c5-4041-b8b5-5e8393684bfc,2023-11-23 16:24:28.907+00,32d51a82-74b8-44d3-a26f-917c6980a8d4,4b1a856c-bbf4-467e-ab08-2d07b9afab97,Nikita,same,,true,https://lh3.googleusercontent.com/a/ACg8ocIv2-Ly1z0ag3ortZ5MWBUEzQ7LBFeiJ9aazsHRzIKXnms=s96-c
4b3f7216-e8e3-4daa-890a-17cd5539ae73,2023-12-07 15:41:14.007+00,5bf59cf7-0b48-4109-ad1c-5985c304a1ca,anonymousId_a7bfbd7a-4ea7-4d9c-9388-8310bb4a1940,anonymousId_a7bfbd7a-4ea7-4d9c-9388-8310bb4a1940,now,,true,
4b9dca10-ccb3-4339-ae6b-f093b5e4605c,2025-02-06 08:21:01.275+00,anonymousId_a7d2cd91-4b6b-4779-8e2f-5ad44ac9d67c,anonymousId_a7d2cd91-4b6b-4779-8e2f-5ad44ac9d67c,anonymousId_a7d2cd91-4b6b-4779-8e2f-5ad44ac9d67c,hi,,true,
4c874d9f-3286-40de-b836-04d5afeb6af7,2023-12-07 15:26:42.31+00,b4c2a1bd-40a7-4b0e-9229-93413bcf3d07,cf6f18cf-de80-4468-b767-f9f0fcd02e7b,Nikita,a,,true,https://lh3.googleusercontent.com/a/ACg8ocIv2-Ly1z0ag3ortZ5MWBUEzQ7LBFeiJ9aazsHRzIKXnms=s96-c
4d5954d1-617a-4200-a0d8-13179b6c1f63,2023-12-08 09:35:23.962+00,b456278d-9f7c-45f1-8f8b-13006943a379,anonymousId_5d26f0fd-a3bc-4daa-b595-2b1022b8a182,anonymousId_5d26f0fd-a3bc-4daa-b595-2b1022b8a182,8800,,true,
4ea9e212-4b5b-45e3-9e07-6aa5bd474cae,2023-11-23 19:28:02.151+00,32d51a82-74b8-44d3-a26f-917c6980a8d4,anonymousId_34b0e67f-adad-42d8-a277-5d79d640aebf,anonymousId_34b0e67f-adad-42d8-a277-5d79d640aebf,4,,true,
4ed58223-9b77-4f9e-8a6d-3566c7218a8f,2024-07-13 14:10:49.388+00,570d37a7-f5b4-4601-afc5-bc7414150a1f,anonymousId_514c9b4b-ff4d-4aba-a7b9-20215360a29d,anonymousId_514c9b4b-ff4d-4aba-a7b9-20215360a29d,You,,true,
4fbd20e9-c65e-4053-ab13-b4a877a1cf0c,2023-12-07 15:34:06.931+00,c1036ba9-6d6d-49e4-b192-ddd482dd2a44,anonymousId_a7bfbd7a-4ea7-4d9c-9388-8310bb4a1940,anonymousId_a7bfbd7a-4ea7-4d9c-9388-8310bb4a1940,I mean,,true,
4fcb701b-1e71-4db3-84ac-069af48c1b00,2023-12-07 15:42:15.658+00,a032f0f6-be9f-4141-b314-e69e1d630b4f,anonymousId_a7bfbd7a-4ea7-4d9c-9388-8310bb4a1940,anonymousId_a7bfbd7a-4ea7-4d9c-9388-8310bb4a1940,Tei,,true,
4fddcc0a-5982-42c4-8bca-ffa19912d984,2023-11-23 16:24:59.921+00,32d51a82-74b8-44d3-a26f-917c6980a8d4,4b1a856c-bbf4-467e-ab08-2d07b9afab97,Nikita,ok,,true,https://lh3.googleusercontent.com/a/ACg8ocIv2-Ly1z0ag3ortZ5MWBUEzQ7LBFeiJ9aazsHRzIKXnms=s96-c
5021ae71-e4a1-46e7-8289-29de5dab616e,2023-11-23 19:29:49.983+00,32d51a82-74b8-44d3-a26f-917c6980a8d4,anonymousId_34b0e67f-adad-42d8-a277-5d79d640aebf,anonymousId_34b0e67f-adad-42d8-a277-5d79d640aebf,6,,true,
51e8d9c4-dae4-452e-ab4f-db2512e90453,2023-12-07 13:46:35.373+00,1bc84a71-8da1-4925-a996-5d37e8477627,cf6f18cf-de80-4468-b767-f9f0fcd02e7b,Nikita,kk,,true,https://lh3.googleusercontent.com/a/ACg8ocIv2-Ly1z0ag3ortZ5MWBUEzQ7LBFeiJ9aazsHRzIKXnms=s96-c
5484abee-6f1a-41bb-add8-99bb407cee17,2023-12-07 15:32:55.16+00,cfc810e7-e2db-44b7-97b4-ee5932789463,anonymousId_a7bfbd7a-4ea7-4d9c-9388-8310bb4a1940,anonymousId_a7bfbd7a-4ea7-4d9c-9388-8310bb4a1940,how do I fix this,,true,
54862efc-f598-47b0-bc70-040ea850f3ed,2023-12-04 13:08:49.183+00,536e7268-9269-45af-9b02-7148d2c5ff53,anonymousId_3ce8c690-4fd9-4dd7-a6dd-d9e08a8d1717,anonymousId_3ce8c690-4fd9-4dd7-a6dd-d9e08a8d1717,ano,,true,
55ad0426-5974-48c1-9c19-a0cf9836c5a8,2023-12-07 15:06:21.224+00,ee59ae68-5ac9-4704-aa7a-5f50266766a5,cf6f18cf-de80-4468-b767-f9f0fcd02e7b,Nikita,I'm here,,true,https://lh3.googleusercontent.com/a/ACg8ocIv2-Ly1z0ag3ortZ5MWBUEzQ7LBFeiJ9aazsHRzIKXnms=s96-c
55ad7ce4-32e7-439d-8602-3225e0cd5702,2023-12-07 15:31:00.759+00,f228b2a6-0265-48c4-9eb8-32eafacdd36d,anonymousId_45255a99-b61a-4ff1-864e-58f75f90f568,anonymousId_45255a99-b61a-4ff1-864e-58f75f90f568,ban!,,true,
55cb12c3-d82a-462a-b016-caf3df4ddfb5,2024-07-13 18:10:59.285+00,anonymousId_2217b434-db9f-4398-ae49-500f9a9edf9e,anonymousId_2217b434-db9f-4398-ae49-500f9a9edf9e,anonymousId_2217b434-db9f-4398-ae49-500f9a9edf9e,4,,true,
5739132b-2750-4e48-b61c-ea0fb74642e8,2023-12-08 09:36:06.442+00,2ba26034-df97-41a4-a00c-ca5fa0640f36,anonymousId_5d26f0fd-a3bc-4daa-b595-2b1022b8a182,anonymousId_5d26f0fd-a3bc-4daa-b595-2b1022b8a182,44,,true,
5864f878-a289-4e3b-8563-98709e037c90,2024-07-13 18:03:24.951+00,anonymousId_2217b434-db9f-4398-ae49-500f9a9edf9e,anonymousId_2217b434-db9f-4398-ae49-500f9a9edf9e,anonymousId_2217b434-db9f-4398-ae49-500f9a9edf9e,3,,true,
5866a79b-02dd-4e55-bbba-f7c503400e2e,2024-07-13 18:10:59.251+00,anonymousId_2217b434-db9f-4398-ae49-500f9a9edf9e,anonymousId_2217b434-db9f-4398-ae49-500f9a9edf9e,anonymousId_2217b434-db9f-4398-ae49-500f9a9edf9e,3,,true,
58698659-3edd-4877-b7a1-4d71be187157,2023-11-23 19:32:01.097+00,32d51a82-74b8-44d3-a26f-917c6980a8d4,anonymousId_34b0e67f-adad-42d8-a277-5d79d640aebf,anonymousId_34b0e67f-adad-42d8-a277-5d79d640aebf,6,,true,
587cc9c7-007c-42af-876c-69e9cd05fe3a,2023-11-23 16:33:25.219+00,32d51a82-74b8-44d3-a26f-917c6980a8d4,anonymousId_34b0e67f-adad-42d8-a277-5d79d640aebf,anonymousId_34b0e67f-adad-42d8-a277-5d79d640aebf,I'm,,true,
58d43ae1-50b9-4e4f-a751-ce1a5f6afb2f,2023-11-23 16:25:46.472+00,32d51a82-74b8-44d3-a26f-917c6980a8d4,anonymousId_34b0e67f-adad-42d8-a277-5d79d640aebf,anonymousId_34b0e67f-adad-42d8-a277-5d79d640aebf,so can you help me?,,true,
59106a96-0e9c-41d4-bfb0-7dd14050c401,2024-07-13 16:29:48.079+00,d560bf27-1d5b-44cd-8511-279a38be9b30,anonymousId_2217b434-db9f-4398-ae49-500f9a9edf9e,anonymousId_2217b434-db9f-4398-ae49-500f9a9edf9e,1,,true,
593f4046-3975-4401-b767-a6fed3872932,2023-12-07 17:35:32.642+00,c4b35c43-1808-4358-82b5-1217297fe480,anonymousId_a7bfbd7a-4ea7-4d9c-9388-8310bb4a1940,anonymousId_a7bfbd7a-4ea7-4d9c-9388-8310bb4a1940,123,,false,
59ae6403-ff8f-4dfe-a547-736eaa574cc1,2023-12-07 15:32:02.31+00,ce3108c5-043c-4e3d-9fd5-dd8d4960200e,6048389f-ba04-4800-a734-df936e3559f3,Nikita,ok,,true,
5a0f5879-66e0-4d80-812e-fac6a4d4c346,2023-11-24 08:30:36.446+00,0f57b78a-f593-4c57-bdad-af0fe574009e,anonymousId_35986166-535e-4349-8e78-2c91ed080723,anonymousId_35986166-535e-4349-8e78-2c91ed080723,123,,false,
5a1a49c1-afee-4358-9421-7a4f6cba2de1,2024-03-06 19:29:30.913+00,874fed36-ecf7-4240-95d9-77ad46b29c0b,anonymousId_473bca0b-9faa-49ac-ba32-387adce27ee3,anonymousId_473bca0b-9faa-49ac-ba32-387adce27ee3,new message,,true,
5a345058-fffb-4aee-b720-bcf016ec48e5,2023-12-07 17:54:08.084+00,30e2fbfe-94cc-4373-84a4-ccf9c1aaafd6,anonymousId_a7bfbd7a-4ea7-4d9c-9388-8310bb4a1940,anonymousId_a7bfbd7a-4ea7-4d9c-9388-8310bb4a1940,123,,false,
5a4ddf07-4c7c-4ace-a99c-2a4ad28079ff,2023-12-07 13:41:30.732+00,8d2b4c87-097f-4e15-a72e-b160ee4b2b65,cf6f18cf-de80-4468-b767-f9f0fcd02e7b,Nikita,123,,false,https://lh3.googleusercontent.com/a/ACg8ocIv2-Ly1z0ag3ortZ5MWBUEzQ7LBFeiJ9aazsHRzIKXnms=s96-c
5aa08d13-7ed7-4761-873b-f29a984365a0,2023-12-07 12:16:19.432+00,8d2b4c87-097f-4e15-a72e-b160ee4b2b65,anonymousId_e1e4ce6f-2720-44b8-8c42-5f1894851af4,anonymousId_e1e4ce6f-2720-44b8-8c42-5f1894851af4,in dev,,true,
5ac91a3a-3b5f-46c8-adf5-907ca0898119,2023-12-07 15:06:32.495+00,ee59ae68-5ac9-4704-aa7a-5f50266766a5,cf6f18cf-de80-4468-b767-f9f0fcd02e7b,Nikita,aga,,true,https://lh3.googleusercontent.com/a/ACg8ocIv2-Ly1z0ag3ortZ5MWBUEzQ7LBFeiJ9aazsHRzIKXnms=s96-c
5b5b064c-0443-4354-9624-e3fb65549975,2023-11-24 12:46:19.417+00,d67e3b5f-9e01-4e9c-9f5d-d9d922b14dd7,anonymousId_35986166-535e-4349-8e78-2c91ed080723,anonymousId_35986166-535e-4349-8e78-2c91ed080723,ok,,true,
5cfa3149-9273-419e-b053-ccfa8215dd30,2023-11-23 16:24:21.07+00,32d51a82-74b8-44d3-a26f-917c6980a8d4,anonymousId_34b0e67f-adad-42d8-a277-5d79d640aebf,anonymousId_34b0e67f-adad-42d8-a277-5d79d640aebf,msg1,,true,
5df08783-b198-46bd-8921-fdff3c0a6711,2023-12-07 15:11:21.082+00,4df89596-4a77-4384-a775-7ecbef39d798,anonymousId_45255a99-b61a-4ff1-864e-58f75f90f568,anonymousId_45255a99-b61a-4ff1-864e-58f75f90f568,t,,true,
5e110d16-b42d-447f-ac7a-d74b83427531,2023-12-07 15:30:58.701+00,f228b2a6-0265-48c4-9eb8-32eafacdd36d,cf6f18cf-de80-4468-b767-f9f0fcd02e7b,Nikita,yea,,true,https://lh3.googleusercontent.com/a/ACg8ocIv2-Ly1z0ag3ortZ5MWBUEzQ7LBFeiJ9aazsHRzIKXnms=s96-c
5e7f7cb4-8af0-4da4-80d9-d77cd0073934,2023-12-07 12:02:29.155+00,8d2b4c87-097f-4e15-a72e-b160ee4b2b65,anonymousId_e1e4ce6f-2720-44b8-8c42-5f1894851af4,anonymousId_e1e4ce6f-2720-44b8-8c42-5f1894851af4,pusher,,true,
5e9552de-6274-43fa-af5a-513cc64301b6,2023-11-23 19:34:38.628+00,32d51a82-74b8-44d3-a26f-917c6980a8d4,anonymousId_34b0e67f-adad-42d8-a277-5d79d640aebf,anonymousId_34b0e67f-adad-42d8-a277-5d79d640aebf,1,,true,
5f3abae4-9e3e-4a46-8763-56806db0fb3b,2024-05-17 16:51:07.313+00,e681e7e8-c2be-4086-b66f-4434e4429f96,anonymousId_65206f52-f7c3-418a-8ac2-24af2cdf9c9f,anonymousId_65206f52-f7c3-418a-8ac2-24af2cdf9c9f,this is example of real-time notification,,true,
5fd99e03-d5f1-4d66-babb-efa6182bfa89,2023-12-07 12:15:27.731+00,8d2b4c87-097f-4e15-a72e-b160ee4b2b65,anonymousId_e1e4ce6f-2720-44b8-8c42-5f1894851af4,anonymousId_e1e4ce6f-2720-44b8-8c42-5f1894851af4,test,,true,
5feab4f8-42d2-4153-a80c-4a8e722f4f45,2023-11-23 16:25:21.385+00,32d51a82-74b8-44d3-a26f-917c6980a8d4,anonymousId_34b0e67f-adad-42d8-a277-5d79d640aebf,anonymousId_34b0e67f-adad-42d8-a277-5d79d640aebf,I'm here,,true,
6043e3dc-37d7-4920-968b-f811d2ae36ae,2023-12-07 18:06:46.584+00,84c00a3b-2be9-4b51-9cbe-564ec3524eb1,anonymousId_a7bfbd7a-4ea7-4d9c-9388-8310bb4a1940,anonymousId_a7bfbd7a-4ea7-4d9c-9388-8310bb4a1940,123,,false,
604d8013-0bb1-459c-8c86-2ce32aadf6ba,2023-11-23 16:03:16.278+00,7a4b6216-276e-47cb-bef0-b21eb6219277,anonymousId_4bee4fca-c555-4c4d-bf09-7850978ca177,anonymousId_4bee4fca-c555-4c4d-bf09-7850978ca177,2,,true,
607e8ac4-5a28-46ea-881d-ced15c7c64bf,2023-12-07 15:15:51.268+00,4df89596-4a77-4384-a775-7ecbef39d798,cf6f18cf-de80-4468-b767-f9f0fcd02e7b,Nikita,asd,,true,https://lh3.googleusercontent.com/a/ACg8ocIv2-Ly1z0ag3ortZ5MWBUEzQ7LBFeiJ9aazsHRzIKXnms=s96-c
610441cd-daf3-43f2-84fe-ca8c6bad6c0a,2023-12-07 18:27:17.225+00,776c9982-3313-448e-aeed-5226201f8a31,anonymousId_d0734f27-66f7-484a-a85c-444af53cfabe,anonymousId_d0734f27-66f7-484a-a85c-444af53cfabe,3000,,false,
615a9ccf-0572-405d-ad4c-0a130734f2b4,2023-12-07 15:27:04.492+00,b4c2a1bd-40a7-4b0e-9229-93413bcf3d07,cf6f18cf-de80-4468-b767-f9f0fcd02e7b,Nikita,I say you its pusher...,,true,https://lh3.googleusercontent.com/a/ACg8ocIv2-Ly1z0ag3ortZ5MWBUEzQ7LBFeiJ9aazsHRzIKXnms=s96-c
615aafeb-2f32-4d3c-8159-e3343433035a,2024-01-17 05:52:25.471+00,8f54b1ad-644c-4ef5-b712-e3f095a146b2,cf6f18cf-de80-4468-b767-f9f0fcd02e7b,Nikita,If you need any help - feel free to ask,,false,https://lh3.googleusercontent.com/a/ACg8ocIv2-Ly1z0ag3ortZ5MWBUEzQ7LBFeiJ9aazsHRzIKXnms=s96-c
61951148-feeb-43e9-b5e5-8e214711a79d,2024-02-16 07:40:01.922+00,700d9c55-eb21-4804-9586-035dac96dd33,anonymousId_605a659e-572e-41b1-9f10-549a8ab8cb62,anonymousId_605a659e-572e-41b1-9f10-549a8ab8cb62,I message user,,true,
61d391d9-3dad-4d2e-bc4c-5bfe02774764,2023-11-23 19:28:02.486+00,32d51a82-74b8-44d3-a26f-917c6980a8d4,anonymousId_34b0e67f-adad-42d8-a277-5d79d640aebf,anonymousId_34b0e67f-adad-42d8-a277-5d79d640aebf,5,,true,
61e57f1f-b698-406a-b461-132f449444f8,2023-12-07 12:16:31.931+00,8d2b4c87-097f-4e15-a72e-b160ee4b2b65,anonymousId_e1e4ce6f-2720-44b8-8c42-5f1894851af4,anonymousId_e1e4ce6f-2720-44b8-8c42-5f1894851af4,something with pusher,,true,
61fe3a03-2723-42f6-af34-8adacdfb22ba,2025-02-05 22:15:21.479+00,anonymousId_ece6cb36-9443-4933-82d7-481398825c24,anonymousId_ece6cb36-9443-4933-82d7-481398825c24,anonymousId_ece6cb36-9443-4933-82d7-481398825c24,test,,false,
62184b34-4bad-4ea2-8139-677b5a4f6cea,2023-12-07 15:53:49.718+00,2b66c140-bf73-486e-96a5-a176254c24a1,cf6f18cf-de80-4468-b767-f9f0fcd02e7b,Nikita,oke,,true,https://lh3.googleusercontent.com/a/ACg8ocIv2-Ly1z0ag3ortZ5MWBUEzQ7LBFeiJ9aazsHRzIKXnms=s96-c
626aaf41-f8b9-4e84-b66a-b321d30f26ea,2023-12-07 11:54:10.886+00,8d2b4c87-097f-4e15-a72e-b160ee4b2b65,anonymousId_e1e4ce6f-2720-44b8-8c42-5f1894851af4,anonymousId_e1e4ce6f-2720-44b8-8c42-5f1894851af4,asd,,true,
62762396-791d-4f5c-9218-129a8c58ee33,2023-11-23 16:07:31.071+00,e8d17f55-ee0c-47bf-90f9-82789c6dac42,anonymousId_b01df80c-f1c7-4e4e-b7a9-cdf6595e576a,anonymousId_b01df80c-f1c7-4e4e-b7a9-cdf6595e576a,4,,true,
62888d32-b654-4c24-bec7-91c3f1074faa,2024-07-13 16:29:55.67+00,d560bf27-1d5b-44cd-8511-279a38be9b30,anonymousId_2217b434-db9f-4398-ae49-500f9a9edf9e,anonymousId_2217b434-db9f-4398-ae49-500f9a9edf9e,5,,true,
62ac9757-45d6-44d1-822a-30291a8c2e85,2023-11-23 16:11:53.693+00,32d51a82-74b8-44d3-a26f-917c6980a8d4,anonymousId_34b0e67f-adad-42d8-a277-5d79d640aebf,anonymousId_34b0e67f-adad-42d8-a277-5d79d640aebf,5,,true,
62f98a5c-1deb-4dd0-be3b-8351913f2ace,2023-12-07 15:15:50.687+00,4df89596-4a77-4384-a775-7ecbef39d798,cf6f18cf-de80-4468-b767-f9f0fcd02e7b,Nikita,123,,true,https://lh3.googleusercontent.com/a/ACg8ocIv2-Ly1z0ag3ortZ5MWBUEzQ7LBFeiJ9aazsHRzIKXnms=s96-c
63831a06-071b-4cfa-ae81-dd07aeacb972,2023-11-24 13:36:04.99+00,9a78bb24-5746-4230-8525-0bf1676a0190,anonymousId_818254f8-c5dd-4976-88c0-5d9ccce20adc,anonymousId_818254f8-c5dd-4976-88c0-5d9ccce20adc,reeee,,true,
638b4d94-fa53-481b-afa7-f0be968de9e8,2023-12-07 15:26:36.636+00,b4c2a1bd-40a7-4b0e-9229-93413bcf3d07,anonymousId_45255a99-b61a-4ff1-864e-58f75f90f568,anonymousId_45255a99-b61a-4ff1-864e-58f75f90f568,I message you,,true,
6424de9a-a055-44b2-b483-9af7a97334e9,2023-11-23 16:30:00.394+00,32d51a82-74b8-44d3-a26f-917c6980a8d4,anonymousId_34b0e67f-adad-42d8-a277-5d79d640aebf,anonymousId_34b0e67f-adad-42d8-a277-5d79d640aebf,message here,,true,
64cccf9a-fe93-4702-ad07-c63f9e46e4dd,2023-12-07 14:55:38.469+00,f6db5060-ff89-4257-9df2-d98b8e02c2a5,anonymousId_33d257f2-1159-4fe0-b626-495c012b7727,anonymousId_33d257f2-1159-4fe0-b626-495c012b7727,ja,,true,
65b97222-ef92-4c07-82c2-9477ca939e01,2023-12-07 17:30:07.918+00,88a83e2d-0fc0-4d05-90e0-1db7588afdc8,anonymousId_a7bfbd7a-4ea7-4d9c-9388-8310bb4a1940,anonymousId_a7bfbd7a-4ea7-4d9c-9388-8310bb4a1940,msg2,,false,
667a25f4-deee-4eda-a2a1-2e86d3c0f446,2023-11-23 16:10:02.149+00,32d51a82-74b8-44d3-a26f-917c6980a8d4,anonymousId_34b0e67f-adad-42d8-a277-5d79d640aebf,anonymousId_34b0e67f-adad-42d8-a277-5d79d640aebf,5,,true,
69145312-c5f6-4ae2-afed-ed92e8f8e88f,2023-12-07 15:11:29.668+00,4df89596-4a77-4384-a775-7ecbef39d798,anonymousId_45255a99-b61a-4ff1-864e-58f75f90f568,anonymousId_45255a99-b61a-4ff1-864e-58f75f90f568,sure,,true,
69afdf88-fa13-4523-9f2f-07f6724edb85,2023-12-07 11:54:07.717+00,8d2b4c87-097f-4e15-a72e-b160ee4b2b65,anonymousId_e1e4ce6f-2720-44b8-8c42-5f1894851af4,anonymousId_e1e4ce6f-2720-44b8-8c42-5f1894851af4,a,,true,
69c9cc7e-91f1-47a1-b839-16cd1d21583a,2023-12-07 13:46:40.331+00,1bc84a71-8da1-4925-a996-5d37e8477627,anonymousId_0417a863-b15c-4f7c-8564-e28fe621dae9,anonymousId_0417a863-b15c-4f7c-8564-e28fe621dae9,q,,false,
6a350ead-a1b7-4bad-b77d-ee4f480af98c,2023-12-07 13:59:38.845+00,cde8e3c0-68b1-421a-a2cd-d2ba885bd1f9,anonymousId_0417a863-b15c-4f7c-8564-e28fe621dae9,anonymousId_0417a863-b15c-4f7c-8564-e28fe621dae9,new,,true,
6ac2f89c-f9a0-4032-a46a-3763ac5fe9b9,2024-03-24 19:02:34.874+00,b73ec210-2c56-4de2-9937-85106790287a,cf6f18cf-de80-4468-b767-f9f0fcd02e7b,Nikita,man,,true,https://lh3.googleusercontent.com/a/ACg8ocIv2-Ly1z0ag3ortZ5MWBUEzQ7LBFeiJ9aazsHRzIKXnms=s96-c
6b10e3c9-06ba-4d37-91af-09b6344cc676,2023-11-23 16:33:39.125+00,32d51a82-74b8-44d3-a26f-917c6980a8d4,4b1a856c-bbf4-467e-ab08-2d07b9afab97,Nikita,what?,,true,https://lh3.googleusercontent.com/a/ACg8ocIv2-Ly1z0ag3ortZ5MWBUEzQ7LBFeiJ9aazsHRzIKXnms=s96-c
6bfa97c9-05fc-4f21-a273-dc681b41ab02,2023-12-07 15:33:56.524+00,c1036ba9-6d6d-49e4-b192-ddd482dd2a44,anonymousId_a7bfbd7a-4ea7-4d9c-9388-8310bb4a1940,anonymousId_a7bfbd7a-4ea7-4d9c-9388-8310bb4a1940,1,,true,
6c9c045d-c460-4418-80d7-0631a25dbc9a,2023-12-07 13:43:17.527+00,1bc84a71-8da1-4925-a996-5d37e8477627,anonymousId_0417a863-b15c-4f7c-8564-e28fe621dae9,anonymousId_0417a863-b15c-4f7c-8564-e28fe621dae9,ty,,false,
6cb43e9a-0628-4f1a-803f-8ee767a4e483,2024-03-24 20:03:35.501+00,26e582cf-c7f6-43a1-b362-c189279f462e,anonymousId_96b43918-bf9f-46de-ae21-5168c212c200,anonymousId_96b43918-bf9f-46de-ae21-5168c212c200,hey,,true,
6d135d7e-8704-4979-8729-e91926a24e75,2024-01-18 11:36:45.819+00,27f4e1e2-2537-4fcf-827a-d6c3758bd63d,anonymousId_60bd26fd-0935-40b1-9815-5d09fb8850c8,anonymousId_60bd26fd-0935-40b1-9815-5d09fb8850c8,test,,true,
6d52978e-c711-439d-8e4b-0ac4e071dc07,2023-12-07 15:53:45.743+00,2b66c140-bf73-486e-96a5-a176254c24a1,anonymousId_a7bfbd7a-4ea7-4d9c-9388-8310bb4a1940,anonymousId_a7bfbd7a-4ea7-4d9c-9388-8310bb4a1940,this ticket,,true,
6d65d08e-9d36-4187-bad2-3e2d52f5ed49,2023-12-07 15:32:02.792+00,ce3108c5-043c-4e3d-9fd5-dd8d4960200e,6048389f-ba04-4800-a734-df936e3559f3,Nikita,rn,,true,
6e87a449-a8d6-4e1e-94f5-6800dd506991,2023-12-07 15:27:08.959+00,b4c2a1bd-40a7-4b0e-9229-93413bcf3d07,anonymousId_45255a99-b61a-4ff1-864e-58f75f90f568,anonymousId_45255a99-b61a-4ff1-864e-58f75f90f568,mb,,true,
6e9070b4-36e1-4915-b811-75810be6eecd,2023-11-23 16:17:39.489+00,32d51a82-74b8-44d3-a26f-917c6980a8d4,anonymousId_34b0e67f-adad-42d8-a277-5d79d640aebf,anonymousId_34b0e67f-adad-42d8-a277-5d79d640aebf,msg1,,true,
6edac0c1-d52e-4d3f-bc7b-0a170e05c01b,2024-03-24 19:17:01.45+00,0e6d1abb-7c8c-4b09-8e14-8096952a138f,cf6f18cf-de80-4468-b767-f9f0fcd02e7b,Nikita,hey man,,false,https://lh3.googleusercontent.com/a/ACg8ocIv2-Ly1z0ag3ortZ5MWBUEzQ7LBFeiJ9aazsHRzIKXnms=s96-c
6f75511d-ff2b-4001-98a0-f82a768a4494,2024-07-13 16:29:53.925+00,d560bf27-1d5b-44cd-8511-279a38be9b30,anonymousId_2217b434-db9f-4398-ae49-500f9a9edf9e,anonymousId_2217b434-db9f-4398-ae49-500f9a9edf9e,2,,true,
6fa26253-5c5e-470b-b89a-6ae3dcbcf4e8,2023-12-07 14:51:09.74+00,2346391b-abfb-425d-8aa4-05a05900d436,anonymousId_31cba17f-071f-480c-b3b3-7a178497ed89,anonymousId_31cba17f-071f-480c-b3b3-7a178497ed89,development I mean,,true,
6fa5cdaf-fe49-4915-ac58-401cb011285e,2023-12-07 13:41:59.85+00,9e1ff1c6-5f11-4788-a5c3-8e2b3fb202fe,anonymousId_0951afaf-22b9-4ec5-9630-c3ccec7e02b7,anonymousId_0951afaf-22b9-4ec5-9630-c3ccec7e02b7,msg,,false,
703ac14b-346d-4d12-98f4-eaf4b97f74f5,2023-12-04 13:08:42.889+00,536e7268-9269-45af-9b02-7148d2c5ff53,cf6f18cf-de80-4468-b767-f9f0fcd02e7b,Nikita,pusher,,true,https://lh3.googleusercontent.com/a/ACg8ocIv2-Ly1z0ag3ortZ5MWBUEzQ7LBFeiJ9aazsHRzIKXnms=s96-c
70b7bb1d-fd38-4b94-b21f-5854609701ff,2023-12-07 15:42:18.062+00,a032f0f6-be9f-4141-b314-e69e1d630b4f,cf6f18cf-de80-4468-b767-f9f0fcd02e7b,Nikita,22,,true,https://lh3.googleusercontent.com/a/ACg8ocIv2-Ly1z0ag3ortZ5MWBUEzQ7LBFeiJ9aazsHRzIKXnms=s96-c
71751226-3f63-4e77-8746-daf8f62fef0d,2023-11-23 19:31:59.932+00,32d51a82-74b8-44d3-a26f-917c6980a8d4,anonymousId_34b0e67f-adad-42d8-a277-5d79d640aebf,anonymousId_34b0e67f-adad-42d8-a277-5d79d640aebf,3,,true,
72d6127d-79d7-405b-bc71-6d511a5812b8,2023-12-07 15:33:09.199+00,cfc810e7-e2db-44b7-97b4-ee5932789463,anonymousId_a7bfbd7a-4ea7-4d9c-9388-8310bb4a1940,anonymousId_a7bfbd7a-4ea7-4d9c-9388-8310bb4a1940,I wait,,true,
7318bde6-2f1d-491e-b689-e9af17f56f40,2024-07-13 14:10:46.063+00,570d37a7-f5b4-4601-afc5-bc7414150a1f,anonymousId_514c9b4b-ff4d-4aba-a7b9-20215360a29d,anonymousId_514c9b4b-ff4d-4aba-a7b9-20215360a29d,I just,,true,
73221b0d-fe85-4356-89c1-390cbcd8cf31,2023-12-07 14:48:47.532+00,2346391b-abfb-425d-8aa4-05a05900d436,anonymousId_31cba17f-071f-480c-b3b3-7a178497ed89,anonymousId_31cba17f-071f-480c-b3b3-7a178497ed89,3,,true,
737c4660-7dca-47e5-ae1b-47a6d8913073,2023-11-23 19:35:14.859+00,32d51a82-74b8-44d3-a26f-917c6980a8d4,anonymousId_34b0e67f-adad-42d8-a277-5d79d640aebf,anonymousId_34b0e67f-adad-42d8-a277-5d79d640aebf,10,,true,
74525a6f-bae9-4e6b-a16b-256cc2b09840,2023-12-07 18:05:58.71+00,4181da3f-f598-4b20-8237-97a41c8b2b99,anonymousId_a7bfbd7a-4ea7-4d9c-9388-8310bb4a1940,anonymousId_a7bfbd7a-4ea7-4d9c-9388-8310bb4a1940,123,,false,
74cebd1a-2ac0-43a4-8ac2-d6677169612e,2023-12-07 15:11:21.935+00,4df89596-4a77-4384-a775-7ecbef39d798,anonymousId_45255a99-b61a-4ff1-864e-58f75f90f568,anonymousId_45255a99-b61a-4ff1-864e-58f75f90f568,go in cha,,true,
75272d20-fa44-4890-8649-6837e1e5ac41,2023-12-07 17:37:05.063+00,130e9d07-625f-4391-93eb-7c6f2fade5cc,anonymousId_a7bfbd7a-4ea7-4d9c-9388-8310bb4a1940,anonymousId_a7bfbd7a-4ea7-4d9c-9388-8310bb4a1940,123,,false,
75bf073f-7bd1-41ae-a321-0740823b298a,2023-11-24 09:22:28.625+00,31233dae-ea32-48c5-9d6a-016efc5c77d5,anonymousId_35986166-535e-4349-8e78-2c91ed080723,anonymousId_35986166-535e-4349-8e78-2c91ed080723,hi4,,false,
765397de-50d2-4ed1-93ed-11ff322c9a36,2023-11-24 08:31:01.874+00,5ba22676-af08-4e82-8206-e2ffe779f8af,anonymousId_35986166-535e-4349-8e78-2c91ed080723,anonymousId_35986166-535e-4349-8e78-2c91ed080723,New message,,false,
771381c9-38f8-47c7-9e4f-5ff26e9a72b5,2023-12-07 17:21:09.285+00,607437de-6c95-4ef5-824b-4784e74194df,anonymousId_a7bfbd7a-4ea7-4d9c-9388-8310bb4a1940,anonymousId_a7bfbd7a-4ea7-4d9c-9388-8310bb4a1940,mne,,true,
771bb146-b997-47c7-9ad9-5a8cca9981fe,2023-12-07 12:15:34.13+00,8d2b4c87-097f-4e15-a72e-b160ee4b2b65,anonymousId_e1e4ce6f-2720-44b8-8c42-5f1894851af4,anonymousId_e1e4ce6f-2720-44b8-8c42-5f1894851af4,test123,,true,
77cfbfb6-e9d7-4ef7-adf9-05044f5ffd38,2023-12-07 15:02:43.939+00,ee59ae68-5ac9-4704-aa7a-5f50266766a5,6048389f-ba04-4800-a734-df936e3559f3,Nikita,Cause it may as alsways next cache,,true,
788dffbf-3a4f-43f6-a742-708c72632177,2023-11-23 19:31:45.672+00,32d51a82-74b8-44d3-a26f-917c6980a8d4,anonymousId_34b0e67f-adad-42d8-a277-5d79d640aebf,anonymousId_34b0e67f-adad-42d8-a277-5d79d640aebf,7,,true,
7a670647-e60f-46db-b809-db946f001048,2023-11-23 16:24:39.797+00,32d51a82-74b8-44d3-a26f-917c6980a8d4,anonymousId_34b0e67f-adad-42d8-a277-5d79d640aebf,anonymousId_34b0e67f-adad-42d8-a277-5d79d640aebf,idk,,true,
7aa7b4e6-52dc-4955-b031-3a3f84f1380d,2024-03-24 19:10:31.062+00,7df4fb73-5c7d-4a72-8e85-619dc6d60bbe,anonymousId_44c96b1a-e1b8-4297-b2bc-b155f35ca597,anonymousId_44c96b1a-e1b8-4297-b2bc-b155f35ca597,now,,true,
7ab7b4d4-0e04-4d7b-925a-e972e2165359,2023-11-24 09:19:20.052+00,434f9957-e1eb-48a0-9ef2-4ba952d16aae,anonymousId_35986166-535e-4349-8e78-2c91ed080723,anonymousId_35986166-535e-4349-8e78-2c91ed080723,123,,false,
7adaf70e-59ba-4f9d-a269-408ce70ac60d,2023-12-07 12:02:10.498+00,8d2b4c87-097f-4e15-a72e-b160ee4b2b65,anonymousId_e1e4ce6f-2720-44b8-8c42-5f1894851af4,anonymousId_e1e4ce6f-2720-44b8-8c42-5f1894851af4,lol,,true,
7ae84483-f554-48c3-9656-76ce46cf23db,2023-11-24 09:24:01.283+00,e0f3979a-096a-41e8-9194-2aa6175bbf25,anonymousId_35986166-535e-4349-8e78-2c91ed080723,anonymousId_35986166-535e-4349-8e78-2c91ed080723,123456,,false,
7b512364-abf3-4da6-8baf-9e9cd01af106,2023-12-07 15:34:04.435+00,c1036ba9-6d6d-49e4-b192-ddd482dd2a44,cf6f18cf-de80-4468-b767-f9f0fcd02e7b,Nikita,ban me?,,true,https://lh3.googleusercontent.com/a/ACg8ocIv2-Ly1z0ag3ortZ5MWBUEzQ7LBFeiJ9aazsHRzIKXnms=s96-c
7bba9ba3-8ca8-4eb4-9449-64071fc405c8,2023-11-24 09:30:48.918+00,f001e2e8-836e-446d-815d-282b73d8a810,4b1a856c-bbf4-467e-ab08-2d07b9afab97,Nikita,I,,true,https://lh3.googleusercontent.com/a/ACg8ocIv2-Ly1z0ag3ortZ5MWBUEzQ7LBFeiJ9aazsHRzIKXnms=s96-c
7c568760-276c-4f3c-9b83-261129e121d8,2023-12-07 17:15:02.283+00,6dc62378-702b-4e94-9e68-cb76e16ebdb5,cf6f18cf-de80-4468-b767-f9f0fcd02e7b,Nikita,"Now I want to fix bug and do what I wrote in comment tickets/close ",,false,https://lh3.googleusercontent.com/a/ACg8ocIv2-Ly1z0ag3ortZ5MWBUEzQ7LBFeiJ9aazsHRzIKXnms=s96-c
7c759a7b-8ee2-4628-b866-2ec7000f6c62,2023-12-07 13:41:43.97+00,9e1ff1c6-5f11-4788-a5c3-8e2b3fb202fe,anonymousId_0951afaf-22b9-4ec5-9630-c3ccec7e02b7,anonymousId_0951afaf-22b9-4ec5-9630-c3ccec7e02b7,23,,true,
7cd97ad0-81f7-4c63-894d-7ab260b80de2,2023-11-23 16:24:44.79+00,32d51a82-74b8-44d3-a26f-917c6980a8d4,anonymousId_34b0e67f-adad-42d8-a277-5d79d640aebf,anonymousId_34b0e67f-adad-42d8-a277-5d79d640aebf,wait,,true,
7d7aabc0-96ea-47f1-a5fd-5a3848a5eb76,2024-03-07 08:38:43.072+00,9f6edacb-a8da-40f7-9d8b-3bcdaa01edd9,anonymousId_8a71161d-49e3-47a9-9912-a7fbd74f1ae7,anonymousId_8a71161d-49e3-47a9-9912-a7fbd74f1ae7,hi,,true,
7d86e7df-2607-4d63-95bc-77a3281352c9,2023-12-04 13:07:21.322+00,536e7268-9269-45af-9b02-7148d2c5ff53,anonymousId_3ce8c690-4fd9-4dd7-a6dd-d9e08a8d1717,anonymousId_3ce8c690-4fd9-4dd7-a6dd-d9e08a8d1717,you,,true,
7dbadb10-d54f-4f16-90d2-b0e7ecb2743e,2023-11-24 09:33:42.831+00,3655e425-a493-41dc-9a86-7c5953a5f203,anonymousId_35986166-535e-4349-8e78-2c91ed080723,anonymousId_35986166-535e-4349-8e78-2c91ed080723,I'm,,true,
7dc468ba-31af-434d-bb71-f0e577066aed,2023-12-07 15:33:06.652+00,cfc810e7-e2db-44b7-97b4-ee5932789463,anonymousId_a7bfbd7a-4ea7-4d9c-9388-8310bb4a1940,anonymousId_a7bfbd7a-4ea7-4d9c-9388-8310bb4a1940,ok,,true,
7dd654c8-2e53-4615-8cb8-ad302218bb53,2023-12-07 17:24:24.501+00,42b625ad-dc33-4a04-8b62-9483f642f412,anonymousId_a7bfbd7a-4ea7-4d9c-9388-8310bb4a1940,anonymousId_a7bfbd7a-4ea7-4d9c-9388-8310bb4a1940,123,,false,
7eb7dd67-3fe6-4c86-8bb5-fb1471d4882f,2023-12-07 12:00:56.617+00,8d2b4c87-097f-4e15-a72e-b160ee4b2b65,anonymousId_e1e4ce6f-2720-44b8-8c42-5f1894851af4,anonymousId_e1e4ce6f-2720-44b8-8c42-5f1894851af4,123,,true,
81686da3-0112-44b5-a537-e7ceb741d245,2023-12-07 14:48:37.14+00,2346391b-abfb-425d-8aa4-05a05900d436,anonymousId_31cba17f-071f-480c-b3b3-7a178497ed89,anonymousId_31cba17f-071f-480c-b3b3-7a178497ed89,12,,true,
819a808c-43b6-4772-9325-88832d6ac6ba,2023-12-07 15:32:23.208+00,ce3108c5-043c-4e3d-9fd5-dd8d4960200e,6048389f-ba04-4800-a734-df936e3559f3,Nikita,a,,true,
82964385-4a07-431a-a002-50769247c3d5,2023-11-23 19:28:01.327+00,32d51a82-74b8-44d3-a26f-917c6980a8d4,anonymousId_34b0e67f-adad-42d8-a277-5d79d640aebf,anonymousId_34b0e67f-adad-42d8-a277-5d79d640aebf,2,,true,
82c8cf11-b7ef-40e5-a100-aaabee2a7395,2023-12-07 15:01:28.374+00,ee59ae68-5ac9-4704-aa7a-5f50266766a5,6048389f-ba04-4800-a734-df936e3559f3,Nikita,that's cool,,true,
833c0977-db57-4267-8cf2-0311e02f37fa,2023-11-24 09:21:43.21+00,3b77d920-0157-4b49-94eb-0c32a714fb40,anonymousId_35986166-535e-4349-8e78-2c91ed080723,anonymousId_35986166-535e-4349-8e78-2c91ed080723,hi2,,false,
84597741-5fad-4763-947b-26b7023fd465,2023-12-07 18:37:46.763+00,74336304-5f21-4fbd-816c-082244ada8a4,anonymousId_19d09ffc-6067-4650-88bb-0880d0780cc8,anonymousId_19d09ffc-6067-4650-88bb-0880d0780cc8,3000,,true,
848b1574-e072-4e5d-9dfc-e098968eb2a0,2023-11-24 13:25:40.72+00,fdac4fde-3efe-4421-b5e1-3b208e2d9f85,anonymousId_35986166-535e-4349-8e78-2c91ed080723,anonymousId_35986166-535e-4349-8e78-2c91ed080723,а,,false,
84efd29a-17fe-4ed6-b182-052812fa51fe,2023-11-23 19:31:59.932+00,32d51a82-74b8-44d3-a26f-917c6980a8d4,anonymousId_34b0e67f-adad-42d8-a277-5d79d640aebf,anonymousId_34b0e67f-adad-42d8-a277-5d79d640aebf,5,,true,
85574f19-94b1-4588-8c98-b952287ce6bc,2023-11-23 16:40:17.216+00,32d51a82-74b8-44d3-a26f-917c6980a8d4,anonymousId_34b0e67f-adad-42d8-a277-5d79d640aebf,anonymousId_34b0e67f-adad-42d8-a277-5d79d640aebf,1 min,,true,
85c12e47-784b-4b60-bdbe-c20c936903ac,2023-11-24 09:23:52.667+00,79ad85d9-06fd-4dd3-b035-2a968bb2753b,anonymousId_35986166-535e-4349-8e78-2c91ed080723,anonymousId_35986166-535e-4349-8e78-2c91ed080723,1234,,false,
861be155-ea26-42d0-8251-677bfa106a43,2023-12-01 18:30:35.995+00,08db43f9-610b-4cfb-8e64-d841d7dccdcf,anonymousId_a0374aa5-1216-4e14-842f-75cb82746051,anonymousId_a0374aa5-1216-4e14-842f-75cb82746051,Hi,,true,
86a0d02a-26eb-4672-ae68-1e3d750940ce,2024-01-16 19:32:33.888+00,8f54b1ad-644c-4ef5-b712-e3f095a146b2,anonymousId_cffe4f8d-e5f6-4ab8-9d2d-c41ce1288bcf,anonymousId_cffe4f8d-e5f6-4ab8-9d2d-c41ce1288bcf,hey,,true,
874350fd-3995-49d9-a1a1-0073869e988a,2023-11-24 08:31:11.146+00,9e5c9754-6ef3-4899-9d2d-170667717513,anonymousId_35986166-535e-4349-8e78-2c91ed080723,anonymousId_35986166-535e-4349-8e78-2c91ed080723,unread,,false,
884496a6-cdce-480c-ade0-83e8afa89e27,2023-12-07 15:33:04.111+00,cfc810e7-e2db-44b7-97b4-ee5932789463,cf6f18cf-de80-4468-b767-f9f0fcd02e7b,Nikita,moment,,true,https://lh3.googleusercontent.com/a/ACg8ocIv2-Ly1z0ag3ortZ5MWBUEzQ7LBFeiJ9aazsHRzIKXnms=s96-c
88aa8050-b4c3-4320-ad89-604c9b56d5f5,2023-11-23 19:37:27.128+00,32d51a82-74b8-44d3-a26f-917c6980a8d4,anonymousId_34b0e67f-adad-42d8-a277-5d79d640aebf,anonymousId_34b0e67f-adad-42d8-a277-5d79d640aebf,4,,true,
89931cda-90c9-48b7-b244-1d47e7668bc1,2024-07-13 16:28:45.47+00,9a36d0f9-50a2-4841-8fd1-10eb2d8122b4,anonymousId_1c49c9ef-5250-4b8c-88cb-ec75ff7b86a3,anonymousId_1c49c9ef-5250-4b8c-88cb-ec75ff7b86a3,1,,true,
899bffe9-2e87-4d7c-9677-78320b9f639d,2023-11-23 16:39:22.376+00,32d51a82-74b8-44d3-a26f-917c6980a8d4,anonymousId_34b0e67f-adad-42d8-a277-5d79d640aebf,anonymousId_34b0e67f-adad-42d8-a277-5d79d640aebf,1 min,,true,
8a0d6a19-aedf-47e1-a7cc-bdf7a0dcb1d1,2024-03-24 20:04:03.076+00,fb75cdc7-54dc-4833-9e67-fb593ab7602d,anonymousId_96b43918-bf9f-46de-ae21-5168c212c200,anonymousId_96b43918-bf9f-46de-ae21-5168c212c200,hey,,true,
8a2af30f-2144-4f56-aea5-9f7093aba45d,2024-07-13 18:14:07.931+00,anonymousId_2217b434-db9f-4398-ae49-500f9a9edf9e,anonymousId_2217b434-db9f-4398-ae49-500f9a9edf9e,anonymousId_2217b434-db9f-4398-ae49-500f9a9edf9e,1,,true,
8ac2818b-420c-4892-9c81-2fac3f37de4e,2023-11-24 08:26:43.694+00,8594a9af-2d6e-4258-bb80-4a8876fa3905,anonymousId_35986166-535e-4349-8e78-2c91ed080723,anonymousId_35986166-535e-4349-8e78-2c91ed080723,I want close ticket,,true,
8bacddac-5235-4002-a3fc-6ee41eb43758,2023-12-07 14:16:05.373+00,cde8e3c0-68b1-421a-a2cd-d2ba885bd1f9,anonymousId_0417a863-b15c-4f7c-8564-e28fe621dae9,anonymousId_0417a863-b15c-4f7c-8564-e28fe621dae9,und kein Problem,,true,
8d2665e4-21a4-4de2-869a-361c87f88160,2023-12-07 12:16:26.543+00,8d2b4c87-097f-4e15-a72e-b160ee4b2b65,anonymousId_e1e4ce6f-2720-44b8-8c42-5f1894851af4,anonymousId_e1e4ce6f-2720-44b8-8c42-5f1894851af4,its,,true,
8d48bf0e-92a5-47b5-9016-3d71a2382f9c,2023-11-25 13:06:02.325+00,e96e5512-2f9d-452d-876f-d547407675e8,fbf8f0d8-6512-424e-b461-cdff896586e8,icpceduu,hi,,true,
8dadecd8-f27a-4866-bd90-3360f8b41a5b,2024-07-13 18:15:17.656+00,anonymousId_a1290820-fdec-4cca-aa4e-f4c604d62593,anonymousId_a1290820-fdec-4cca-aa4e-f4c604d62593,anonymousId_a1290820-fdec-4cca-aa4e-f4c604d62593,7,,true,
8f3492a2-5b3d-4bda-86c8-aadc12579e9e,2023-12-07 14:47:03.467+00,2346391b-abfb-425d-8aa4-05a05900d436,anonymousId_31cba17f-071f-480c-b3b3-7a178497ed89,anonymousId_31cba17f-071f-480c-b3b3-7a178497ed89,can you hear me?,,true,
8fb6cd65-46db-4b27-a5a3-f85e7311fd55,2023-11-24 13:34:25.975+00,970fbb2b-d819-4590-a13e-bb74e3b01deb,anonymousId_723d253d-fe43-4c20-b857-f886a96af380,anonymousId_723d253d-fe43-4c20-b857-f886a96af380,4,,true,
8fe3b313-85dd-4d82-8bb4-c21ddf488772,2023-11-23 18:25:13.115+00,32d51a82-74b8-44d3-a26f-917c6980a8d4,anonymousId_34b0e67f-adad-42d8-a277-5d79d640aebf,anonymousId_34b0e67f-adad-42d8-a277-5d79d640aebf,unread1,,true,
8ffe5360-b05a-41da-93ed-11b1b81bcd5d,2023-12-07 14:15:55.768+00,cde8e3c0-68b1-421a-a2cd-d2ba885bd1f9,anonymousId_0417a863-b15c-4f7c-8564-e28fe621dae9,anonymousId_0417a863-b15c-4f7c-8564-e28fe621dae9,jetzt schreibe ich,,true,
904dc3ef-f58e-4cfb-99a8-ab720127aa76,2023-11-23 16:25:35.653+00,32d51a82-74b8-44d3-a26f-917c6980a8d4,4b1a856c-bbf4-467e-ab08-2d07b9afab97,Nikita,ok,,true,https://lh3.googleusercontent.com/a/ACg8ocIv2-Ly1z0ag3ortZ5MWBUEzQ7LBFeiJ9aazsHRzIKXnms=s96-c
90520bad-24e5-42ed-ac95-899d346fc4b0,2023-11-24 10:23:48.027+00,d67e3b5f-9e01-4e9c-9f5d-d9d922b14dd7,4b1a856c-bbf4-467e-ab08-2d07b9afab97,Nikita,yes?,,true,https://lh3.googleusercontent.com/a/ACg8ocIv2-Ly1z0ag3ortZ5MWBUEzQ7LBFeiJ9aazsHRzIKXnms=s96-c
90a92ad2-a0b6-4a20-b497-461626ccd99e,2023-12-07 18:02:48.614+00,52834988-0861-4da6-b9a1-1278f53942ea,anonymousId_a7bfbd7a-4ea7-4d9c-9388-8310bb4a1940,anonymousId_a7bfbd7a-4ea7-4d9c-9388-8310bb4a1940,123,,false,
91529c18-458a-4d7a-876d-0bf753cc8c58,2023-11-24 08:26:52.746+00,8594a9af-2d6e-4258-bb80-4a8876fa3905,4b1a856c-bbf4-467e-ab08-2d07b9afab97,Nikita,Sure go ahead click on top right corner,,true,https://lh3.googleusercontent.com/a/ACg8ocIv2-Ly1z0ag3ortZ5MWBUEzQ7LBFeiJ9aazsHRzIKXnms=s96-c
916c6f49-3ce6-449d-943b-7871ec3284dd,2023-12-07 12:16:18.139+00,8d2b4c87-097f-4e15-a72e-b160ee4b2b65,anonymousId_e1e4ce6f-2720-44b8-8c42-5f1894851af4,anonymousId_e1e4ce6f-2720-44b8-8c42-5f1894851af4,test,,true,
91d09526-1a95-4db6-b24f-1d5622cdf9ba,2023-11-23 16:38:49.535+00,32d51a82-74b8-44d3-a26f-917c6980a8d4,anonymousId_34b0e67f-adad-42d8-a277-5d79d640aebf,anonymousId_34b0e67f-adad-42d8-a277-5d79d640aebf,I can see,,true,
927ceff0-f105-4610-b939-142bf5a7563b,2023-12-07 17:28:14.901+00,88a83e2d-0fc0-4d05-90e0-1db7588afdc8,anonymousId_a7bfbd7a-4ea7-4d9c-9388-8310bb4a1940,anonymousId_a7bfbd7a-4ea7-4d9c-9388-8310bb4a1940,msg1,,false,
92d30629-7076-4716-b8c2-37ea3dc99f2a,2023-12-04 13:08:31.354+00,536e7268-9269-45af-9b02-7148d2c5ff53,cf6f18cf-de80-4468-b767-f9f0fcd02e7b,Nikita,123,,true,https://lh3.googleusercontent.com/a/ACg8ocIv2-Ly1z0ag3ortZ5MWBUEzQ7LBFeiJ9aazsHRzIKXnms=s96-c
92f4013e-69e8-439c-938b-5cb1e5b44121,2023-12-07 14:49:56.723+00,2346391b-abfb-425d-8aa4-05a05900d436,anonymousId_31cba17f-071f-480c-b3b3-7a178497ed89,anonymousId_31cba17f-071f-480c-b3b3-7a178497ed89,123,,true,
936ce395-fef6-4bd4-a83d-8e48f1524606,2023-12-07 12:00:11.452+00,8d2b4c87-097f-4e15-a72e-b160ee4b2b65,cf6f18cf-de80-4468-b767-f9f0fcd02e7b,Nikita,123,,true,https://lh3.googleusercontent.com/a/ACg8ocIv2-Ly1z0ag3ortZ5MWBUEzQ7LBFeiJ9aazsHRzIKXnms=s96-c
947e9713-055a-4e24-a738-b9c00d998925,2023-12-07 12:15:49.372+00,8d2b4c87-097f-4e15-a72e-b160ee4b2b65,anonymousId_e1e4ce6f-2720-44b8-8c42-5f1894851af4,anonymousId_e1e4ce6f-2720-44b8-8c42-5f1894851af4,1919191919,,true,
947f8deb-a402-4342-8c93-136156d4a280,2023-12-07 18:35:13.165+00,13330223-7cbe-423c-a313-7d3bf012d75f,anonymousId_d0734f27-66f7-484a-a85c-444af53cfabe,anonymousId_d0734f27-66f7-484a-a85c-444af53cfabe,123,,false,
948e4470-5925-4bfc-baa7-72894116642b,2023-11-24 15:32:39.926+00,14bdf19c-4212-424d-9aad-a067e487c740,anonymousId_9ebb9786-e989-482c-a258-555ae625ff00,anonymousId_9ebb9786-e989-482c-a258-555ae625ff00,300,,true,
9567e7b1-46e6-417c-9670-ffe8623afed5,2023-11-24 13:34:25.986+00,970fbb2b-d819-4590-a13e-bb74e3b01deb,anonymousId_723d253d-fe43-4c20-b857-f886a96af380,anonymousId_723d253d-fe43-4c20-b857-f886a96af380,3,,true,
9777f781-5794-42da-800d-ba7c0a0032f5,2024-07-13 18:15:19.072+00,anonymousId_a1290820-fdec-4cca-aa4e-f4c604d62593,anonymousId_a1290820-fdec-4cca-aa4e-f4c604d62593,anonymousId_a1290820-fdec-4cca-aa4e-f4c604d62593,9,,true,
97914861-c397-42b2-8666-143c9c732b3c,2024-07-03 23:02:27.364+00,9811a229-5a8d-4035-874b-81badaf5a2a4,anonymousId_76760ffb-69a8-4bc7-919a-b18cbba2382b,anonymousId_76760ffb-69a8-4bc7-919a-b18cbba2382b,how are you?,,false,
98a0e2cf-a5cd-49bf-8746-2f8234a9b124,2023-12-07 15:26:57.047+00,b4c2a1bd-40a7-4b0e-9229-93413bcf3d07,cf6f18cf-de80-4468-b767-f9f0fcd02e7b,Nikita,and now it work not fine,,true,https://lh3.googleusercontent.com/a/ACg8ocIv2-Ly1z0ag3ortZ5MWBUEzQ7LBFeiJ9aazsHRzIKXnms=s96-c
98d594a7-c337-46ec-a813-34490ad27e78,2024-07-13 14:10:48.185+00,570d37a7-f5b4-4601-afc5-bc7414150a1f,anonymousId_514c9b4b-ff4d-4aba-a7b9-20215360a29d,anonymousId_514c9b4b-ff4d-4aba-a7b9-20215360a29d,want to ask,,true,
98e241ad-e817-4c36-87b0-9c2e5d74b8bd,2024-07-13 18:00:53.587+00,afd6aa86-231d-4a9d-904c-0f2620b5259d,anonymousId_2217b434-db9f-4398-ae49-500f9a9edf9e,anonymousId_2217b434-db9f-4398-ae49-500f9a9edf9e,1,,true,
9a0f4ed0-23ad-43a6-82a8-08977fed6117,2023-12-07 18:35:28.326+00,6fec24bd-d63e-469f-a5f7-a52e672f6a8f,anonymousId_d0734f27-66f7-484a-a85c-444af53cfabe,anonymousId_d0734f27-66f7-484a-a85c-444af53cfabe,4,,false,
9b2ceaab-6a1b-444e-a908-b99b6cc592bb,2023-11-23 16:40:23.229+00,32d51a82-74b8-44d3-a26f-917c6980a8d4,4b1a856c-bbf4-467e-ab08-2d07b9afab97,Nikita,np,,true,https://lh3.googleusercontent.com/a/ACg8ocIv2-Ly1z0ag3ortZ5MWBUEzQ7LBFeiJ9aazsHRzIKXnms=s96-c
9b97b6cc-2508-42e1-9df6-84f52b42c9aa,2023-12-07 15:26:47.044+00,b4c2a1bd-40a7-4b0e-9229-93413bcf3d07,anonymousId_45255a99-b61a-4ff1-864e-58f75f90f568,anonymousId_45255a99-b61a-4ff1-864e-58f75f90f568,again,,false,
9bd687a1-02da-4c24-a447-cecb1b33676e,2023-12-07 15:06:51.038+00,ee59ae68-5ac9-4704-aa7a-5f50266766a5,anonymousId_e4a27d7f-6388-439a-9899-88c68030069f,anonymousId_e4a27d7f-6388-439a-9899-88c68030069f,and now?,,true,
9c349e80-2fb0-45cf-abdb-ceea0c101274,2023-12-07 14:55:39.207+00,f6db5060-ff89-4257-9df2-d98b8e02c2a5,anonymousId_33d257f2-1159-4fe0-b626-495c012b7727,anonymousId_33d257f2-1159-4fe0-b626-495c012b7727,da,,true,
9c65959b-6f4a-49af-9f26-d901b81e5fac,2023-12-07 15:14:21.167+00,4df89596-4a77-4384-a775-7ecbef39d798,anonymousId_45255a99-b61a-4ff1-864e-58f75f90f568,anonymousId_45255a99-b61a-4ff1-864e-58f75f90f568,in what?,,true,
9c77eeb8-b021-46ee-9b9f-90bda4e17622,2023-12-07 15:13:27.309+00,4df89596-4a77-4384-a775-7ecbef39d798,cf6f18cf-de80-4468-b767-f9f0fcd02e7b,Nikita,not sure,,true,https://lh3.googleusercontent.com/a/ACg8ocIv2-Ly1z0ag3ortZ5MWBUEzQ7LBFeiJ9aazsHRzIKXnms=s96-c
9c9ddfd4-0f96-4566-941b-9ba99e21c3c8,2023-11-23 16:21:25.643+00,32d51a82-74b8-44d3-a26f-917c6980a8d4,anonymousId_34b0e67f-adad-42d8-a277-5d79d640aebf,anonymousId_34b0e67f-adad-42d8-a277-5d79d640aebf,yes,,true,
9cfe5d15-45fa-41b0-adfc-fd0ff663f847,2023-12-04 13:07:42.9+00,536e7268-9269-45af-9b02-7148d2c5ff53,cf6f18cf-de80-4468-b767-f9f0fcd02e7b,Nikita,da,,true,https://lh3.googleusercontent.com/a/ACg8ocIv2-Ly1z0ag3ortZ5MWBUEzQ7LBFeiJ9aazsHRzIKXnms=s96-c
9e433b5b-1410-4f6c-9de9-3e075a441ab0,2024-03-24 19:10:16.537+00,7df4fb73-5c7d-4a72-8e85-619dc6d60bbe,cf6f18cf-de80-4468-b767-f9f0fcd02e7b,Nikita,so,,true,https://lh3.googleusercontent.com/a/ACg8ocIv2-Ly1z0ag3ortZ5MWBUEzQ7LBFeiJ9aazsHRzIKXnms=s96-c
9ea209c8-c6f5-4d92-8216-6864ea57b871,2023-12-07 14:47:10.501+00,2346391b-abfb-425d-8aa4-05a05900d436,6048389f-ba04-4800-a734-df936e3559f3,Nikita,yes I can hear,,true,
9fa0c85f-0313-431f-bba9-81e15871aa2a,2023-12-07 14:27:57.493+00,cde8e3c0-68b1-421a-a2cd-d2ba885bd1f9,anonymousId_0417a863-b15c-4f7c-8564-e28fe621dae9,anonymousId_0417a863-b15c-4f7c-8564-e28fe621dae9,fur mich das automatisch geselen,,true,
9fa7316d-66da-4c04-808b-308b2878d802,2023-12-07 18:07:19.572+00,1dcc4ff1-2cf4-4aaa-847d-450612e9d626,anonymousId_a7bfbd7a-4ea7-4d9c-9388-8310bb4a1940,anonymousId_a7bfbd7a-4ea7-4d9c-9388-8310bb4a1940,123,,false,
a0abf428-b622-4089-89e6-c8890b9615ec,2023-12-07 17:31:49.474+00,f835387d-7768-4b34-9357-265485673572,anonymousId_a7bfbd7a-4ea7-4d9c-9388-8310bb4a1940,anonymousId_a7bfbd7a-4ea7-4d9c-9388-8310bb4a1940,new,,false,
a1c68cde-2b4c-4835-96b3-04fbdc5c1951,2023-12-07 15:34:01.341+00,c1036ba9-6d6d-49e4-b192-ddd482dd2a44,anonymousId_a7bfbd7a-4ea7-4d9c-9388-8310bb4a1940,anonymousId_a7bfbd7a-4ea7-4d9c-9388-8310bb4a1940,hey,,true,
a29ca5b7-0a48-4c35-9425-21dd3f1e4dbb,2023-12-08 09:30:54.227+00,0ce14add-394f-40f7-93ab-4e5ba5a0669f,anonymousId_5d26f0fd-a3bc-4daa-b595-2b1022b8a182,anonymousId_5d26f0fd-a3bc-4daa-b595-2b1022b8a182,123,,true,
a2e0cde6-67ca-4752-b3a2-875c4766a81d,2023-11-24 13:39:21.999+00,d5214b23-6e7b-437c-9970-20a68166c51d,anonymousId_c85c675d-15d5-43e0-9bf3-14f19726b38c,anonymousId_c85c675d-15d5-43e0-9bf3-14f19726b38c,33,,true,
a37374ba-024a-444d-bb76-1263b087dc95,2023-11-23 19:34:40.599+00,32d51a82-74b8-44d3-a26f-917c6980a8d4,anonymousId_34b0e67f-adad-42d8-a277-5d79d640aebf,anonymousId_34b0e67f-adad-42d8-a277-5d79d640aebf,5,,true,
a40d6bdd-0483-46ba-aad9-320ebc94dd55,2023-12-07 15:33:17.515+00,cfc810e7-e2db-44b7-97b4-ee5932789463,anonymousId_a7bfbd7a-4ea7-4d9c-9388-8310bb4a1940,anonymousId_a7bfbd7a-4ea7-4d9c-9388-8310bb4a1940,I need to,,true,
a43685be-8fb5-4e71-b451-817fa18ff31b,2023-12-07 15:54:03.875+00,bcd73a64-03c6-432c-a26c-997fcadd8b0b,anonymousId_a7bfbd7a-4ea7-4d9c-9388-8310bb4a1940,anonymousId_a7bfbd7a-4ea7-4d9c-9388-8310bb4a1940,I do it one more time,,true,
a44a4a40-565c-432e-9219-ecb970427530,2024-03-24 19:05:53.102+00,7df4fb73-5c7d-4a72-8e85-619dc6d60bbe,anonymousId_44c96b1a-e1b8-4297-b2bc-b155f35ca597,anonymousId_44c96b1a-e1b8-4297-b2bc-b155f35ca597,new message,,true,
a4566bce-2ea8-4798-9985-13efae790c3a,2023-11-24 09:22:46.524+00,148866d2-ded3-4689-82ff-0fcfeb6f7f19,anonymousId_35986166-535e-4349-8e78-2c91ed080723,anonymousId_35986166-535e-4349-8e78-2c91ed080723,123,,false,
a5254c29-9dee-4c64-92ac-80370b493a18,2023-12-07 15:13:37.442+00,4df89596-4a77-4384-a775-7ecbef39d798,cf6f18cf-de80-4468-b767-f9f0fcd02e7b,Nikita,casue it work time from time,,true,https://lh3.googleusercontent.com/a/ACg8ocIv2-Ly1z0ag3ortZ5MWBUEzQ7LBFeiJ9aazsHRzIKXnms=s96-c
a58ba194-dea5-408b-949b-e851b9681d62,2023-12-07 14:17:01.391+00,cde8e3c0-68b1-421a-a2cd-d2ba885bd1f9,cf6f18cf-de80-4468-b767-f9f0fcd02e7b,Nikita,klar,,true,https://lh3.googleusercontent.com/a/ACg8ocIv2-Ly1z0ag3ortZ5MWBUEzQ7LBFeiJ9aazsHRzIKXnms=s96-c
a5e99187-65f0-48e8-a4eb-b65d8ed9670a,2023-12-07 14:55:57.068+00,f6db5060-ff89-4257-9df2-d98b8e02c2a5,anonymousId_33d257f2-1159-4fe0-b626-495c012b7727,anonymousId_33d257f2-1159-4fe0-b626-495c012b7727,I'm not in presence channel,,true,
a673519e-9589-4987-bc05-da27b764d05e,2023-12-07 15:33:14.607+00,cfc810e7-e2db-44b7-97b4-ee5932789463,cf6f18cf-de80-4468-b767-f9f0fcd02e7b,Nikita,So what do you have?,,true,https://lh3.googleusercontent.com/a/ACg8ocIv2-Ly1z0ag3ortZ5MWBUEzQ7LBFeiJ9aazsHRzIKXnms=s96-c
a69d3e44-24f0-4132-9394-b276084470b3,2023-11-23 19:27:42.444+00,32d51a82-74b8-44d3-a26f-917c6980a8d4,anonymousId_34b0e67f-adad-42d8-a277-5d79d640aebf,anonymousId_34b0e67f-adad-42d8-a277-5d79d640aebf,400,,true,
a6bc2fc2-9418-4915-be42-73e27414637c,2023-12-07 12:00:17.85+00,8d2b4c87-097f-4e15-a72e-b160ee4b2b65,anonymousId_e1e4ce6f-2720-44b8-8c42-5f1894851af4,anonymousId_e1e4ce6f-2720-44b8-8c42-5f1894851af4,13234,,true,
a6be8c72-8d7c-44d6-a267-9aea55ba438b,2023-12-07 15:13:49.044+00,4df89596-4a77-4384-a775-7ecbef39d798,anonymousId_45255a99-b61a-4ff1-864e-58f75f90f568,anonymousId_45255a99-b61a-4ff1-864e-58f75f90f568,that's true,,true,
a7018f0e-683c-42d6-adfb-09f1e0d550b0,2023-11-23 16:19:29.287+00,32d51a82-74b8-44d3-a26f-917c6980a8d4,anonymousId_34b0e67f-adad-42d8-a277-5d79d640aebf,anonymousId_34b0e67f-adad-42d8-a277-5d79d640aebf,msg2,,true,
a7a05da4-021d-4be1-945b-9f689ff15cfb,2023-12-07 15:37:25.992+00,76cdc5a0-b778-45a7-9e02-34cf7fb64e25,anonymousId_a7bfbd7a-4ea7-4d9c-9388-8310bb4a1940,anonymousId_a7bfbd7a-4ea7-4d9c-9388-8310bb4a1940,can you,,true,
a8bb0726-988d-4280-8cc3-77a7b981fe9f,2023-12-07 15:41:57.865+00,a032f0f6-be9f-4141-b314-e69e1d630b4f,anonymousId_a7bfbd7a-4ea7-4d9c-9388-8310bb4a1940,anonymousId_a7bfbd7a-4ea7-4d9c-9388-8310bb4a1940,one more time,,true,
a95ea317-8a97-4b97-b725-81cde32174f0,2024-07-13 16:29:56.077+00,d560bf27-1d5b-44cd-8511-279a38be9b30,anonymousId_2217b434-db9f-4398-ae49-500f9a9edf9e,anonymousId_2217b434-db9f-4398-ae49-500f9a9edf9e,6,,true,
a9bd01cd-c2bf-45c8-830b-f65956c276ea,2023-12-07 14:23:56.798+00,cde8e3c0-68b1-421a-a2cd-d2ba885bd1f9,anonymousId_0417a863-b15c-4f7c-8564-e28fe621dae9,anonymousId_0417a863-b15c-4f7c-8564-e28fe621dae9,noch mal,,true,
ab4a7dea-386c-48b7-8d5e-dfc97628fcaf,2023-12-07 15:32:08.656+00,ce3108c5-043c-4e3d-9fd5-dd8d4960200e,anonymousId_7cf8d616-87bb-4578-8b95-eecbc708c1a7,anonymousId_7cf8d616-87bb-4578-8b95-eecbc708c1a7," fine",,true,
ab5a3194-6b68-42bb-a1de-845e77374451,2023-11-23 18:27:41.711+00,32d51a82-74b8-44d3-a26f-917c6980a8d4,anonymousId_34b0e67f-adad-42d8-a277-5d79d640aebf,anonymousId_34b0e67f-adad-42d8-a277-5d79d640aebf,unread2,,true,
ab71314c-f0b9-42a9-bda1-c6693d96564b,2024-03-07 09:24:39.435+00,5feec32e-e026-4f86-a30c-bde4fde46f9a,anonymousId_3161077a-98e6-4267-92e0-4aa95ef89c8c,anonymousId_3161077a-98e6-4267-92e0-4aa95ef89c8c,so,,true,
ab887d07-87b3-4184-8cdd-3fe3d3e6df95,2023-12-07 15:38:36.695+00,0951b30c-fe68-41b4-845e-f7468e090f5a,cf6f18cf-de80-4468-b767-f9f0fcd02e7b,Nikita,time,,true,https://lh3.googleusercontent.com/a/ACg8ocIv2-Ly1z0ag3ortZ5MWBUEzQ7LBFeiJ9aazsHRzIKXnms=s96-c
ac6657aa-abb7-4f6f-ad8e-7911096f93e5,2023-11-23 16:32:31.72+00,32d51a82-74b8-44d3-a26f-917c6980a8d4,anonymousId_34b0e67f-adad-42d8-a277-5d79d640aebf,anonymousId_34b0e67f-adad-42d8-a277-5d79d640aebf,can you see my messages properly?,,true,
acc2cc2d-639b-468d-9e5e-29c7213c6e66,2024-03-24 19:17:14.882+00,8ef47a64-bc1d-4555-bfc9-29e398cbe706,anonymousId_96b43918-bf9f-46de-ae21-5168c212c200,anonymousId_96b43918-bf9f-46de-ae21-5168c212c200,hey,,true,
acd74e99-d5d8-4e18-9c68-3ce217cc632f,2023-12-07 15:02:37.12+00,ee59ae68-5ac9-4704-aa7a-5f50266766a5,6048389f-ba04-4800-a734-df936e3559f3,Nikita,Not sure,,true,
ae5b1d13-219f-4645-b165-d815034ae64c,2023-12-01 18:30:48.956+00,7e8f8302-4094-4178-a0f6-ea57b342d2f1,cf6f18cf-de80-4468-b767-f9f0fcd02e7b,Nikita,Antwort,,false,https://lh3.googleusercontent.com/a/ACg8ocIv2-Ly1z0ag3ortZ5MWBUEzQ7LBFeiJ9aazsHRzIKXnms=s96-c
ae6b05a1-25c1-427b-956d-b9ef811c0ae5,2023-12-08 09:33:32.842+00,538d4887-5459-43e5-9902-fbb45673d3b4,anonymousId_5d26f0fd-a3bc-4daa-b595-2b1022b8a182,anonymousId_5d26f0fd-a3bc-4daa-b595-2b1022b8a182,1244,,true,
aec1a05f-a5c2-41ef-a72d-3c1ff6496390,2023-12-07 11:52:38.839+00,8d2b4c87-097f-4e15-a72e-b160ee4b2b65,anonymousId_e1e4ce6f-2720-44b8-8c42-5f1894851af4,anonymousId_e1e4ce6f-2720-44b8-8c42-5f1894851af4,12345,,true,
afd8e08a-7dc9-4a51-bf5a-50af3225e1e3,2024-07-13 18:52:35.331+00,anonymousId_a1290820-fdec-4cca-aa4e-f4c604d62593,anonymousId_a1290820-fdec-4cca-aa4e-f4c604d62593,anonymousId_a1290820-fdec-4cca-aa4e-f4c604d62593,11,,true,
b06b67a5-2f5c-471a-8611-6322782a93a6,2024-01-23 15:32:20.551+00,f1e3fba2-b7ed-4eb0-bdcb-05fae5d7a725,cf6f18cf-de80-4468-b767-f9f0fcd02e7b,Nikita,Please use this chat if you really need help,,false,https://lh3.googleusercontent.com/a/ACg8ocIv2-Ly1z0ag3ortZ5MWBUEzQ7LBFeiJ9aazsHRzIKXnms=s96-c
b0824275-2b6d-4062-8b2c-82c75dbc14fd,2023-12-07 15:41:58.655+00,a032f0f6-be9f-4141-b314-e69e1d630b4f,anonymousId_a7bfbd7a-4ea7-4d9c-9388-8310bb4a1940,anonymousId_a7bfbd7a-4ea7-4d9c-9388-8310bb4a1940,I want,,true,
b18febef-757f-4d68-835b-738c15989666,2023-12-07 15:06:27.782+00,ee59ae68-5ac9-4704-aa7a-5f50266766a5,anonymousId_e4a27d7f-6388-439a-9899-88c68030069f,anonymousId_e4a27d7f-6388-439a-9899-88c68030069f,da?,,true,
b2df75ca-007b-48c9-b83a-9d9cc2367e43,2023-12-07 15:30:47.738+00,f228b2a6-0265-48c4-9eb8-32eafacdd36d,anonymousId_45255a99-b61a-4ff1-864e-58f75f90f568,anonymousId_45255a99-b61a-4ff1-864e-58f75f90f568,I'm still msg,,true,
b38b03d8-a634-4820-ae45-055acac270d0,2024-07-13 14:10:29.581+00,570d37a7-f5b4-4601-afc5-bc7414150a1f,anonymousId_514c9b4b-ff4d-4aba-a7b9-20215360a29d,anonymousId_514c9b4b-ff4d-4aba-a7b9-20215360a29d,hey,,true,
b55c195a-7393-4582-a26f-d9e7624a1090,2024-07-13 18:15:18.25+00,anonymousId_a1290820-fdec-4cca-aa4e-f4c604d62593,anonymousId_a1290820-fdec-4cca-aa4e-f4c604d62593,anonymousId_a1290820-fdec-4cca-aa4e-f4c604d62593,8,,true,
b606a1f6-a4fc-457f-87c3-9e318c669841,2023-11-23 17:53:24.057+00,32d51a82-74b8-44d3-a26f-917c6980a8d4,anonymousId_34b0e67f-adad-42d8-a277-5d79d640aebf,anonymousId_34b0e67f-adad-42d8-a277-5d79d640aebf,second unread,,true,
b8c7fc58-d4af-4a2b-823b-784736dec14c,2023-12-07 12:02:24.309+00,8d2b4c87-097f-4e15-a72e-b160ee4b2b65,anonymousId_e1e4ce6f-2720-44b8-8c42-5f1894851af4,anonymousId_e1e4ce6f-2720-44b8-8c42-5f1894851af4,123,,true,
b8d057d3-f27d-4a78-aaf5-79560f4cf355,2023-12-07 12:01:34.339+00,8d2b4c87-097f-4e15-a72e-b160ee4b2b65,anonymousId_e1e4ce6f-2720-44b8-8c42-5f1894851af4,anonymousId_e1e4ce6f-2720-44b8-8c42-5f1894851af4,prod,,true,
b9ec88c9-be53-489f-bd6a-38e89f7b61d9,2023-12-07 15:01:19.525+00,ee59ae68-5ac9-4704-aa7a-5f50266766a5,anonymousId_e4a27d7f-6388-439a-9899-88c68030069f,anonymousId_e4a27d7f-6388-439a-9899-88c68030069f,I added,,true,
ba573e4b-15e2-4f78-b9f1-085cd4c509ac,2023-11-25 14:16:29.225+00,7e8f8302-4094-4178-a0f6-ea57b342d2f1,93d35b78-b199-45f3-8f12-04aeb585c5ce,icpceduu,hi,,true,
ba859565-266f-43a2-9036-2fe559cb8642,2023-11-24 13:36:02.557+00,9a78bb24-5746-4230-8525-0bf1676a0190,anonymousId_818254f8-c5dd-4976-88c0-5d9ccce20adc,anonymousId_818254f8-c5dd-4976-88c0-5d9ccce20adc,ree,,true,
ba9ab2c5-7555-4081-8d45-26441b3b89c9,2023-12-07 15:33:21.692+00,cfc810e7-e2db-44b7-97b4-ee5932789463,anonymousId_a7bfbd7a-4ea7-4d9c-9388-8310bb4a1940,anonymousId_a7bfbd7a-4ea7-4d9c-9388-8310bb4a1940,ban,,true,
bb04c927-7f7a-46c6-b043-494d3bb2c397,2023-12-07 12:02:25.805+00,8d2b4c87-097f-4e15-a72e-b160ee4b2b65,anonymousId_e1e4ce6f-2720-44b8-8c42-5f1894851af4,anonymousId_e1e4ce6f-2720-44b8-8c42-5f1894851af4,test,,true,
bc004837-86e2-4401-9ce1-794dda178cd1,2023-12-07 12:16:37.333+00,8d2b4c87-097f-4e15-a72e-b160ee4b2b65,anonymousId_e1e4ce6f-2720-44b8-8c42-5f1894851af4,anonymousId_e1e4ce6f-2720-44b8-8c42-5f1894851af4,5 mins ago it worked in dev,,true,
bc0efa94-83b6-4a04-8d24-198d463659e6,2023-11-24 08:28:02.992+00,3adf4dea-4767-4e37-bc3b-8107cc72312b,anonymousId_35986166-535e-4349-8e78-2c91ed080723,anonymousId_35986166-535e-4349-8e78-2c91ed080723,again?,,false,
bc58cdea-b18d-4d59-be4d-2a8400d687a1,2023-11-23 15:58:56.788+00,7a4b6216-276e-47cb-bef0-b21eb6219277,anonymousId_4bee4fca-c555-4c4d-bf09-7850978ca177,anonymousId_4bee4fca-c555-4c4d-bf09-7850978ca177,1,,true,
bcd2b190-a80d-40f0-bdb6-48cce7b1d850,2024-03-24 19:06:01.98+00,7df4fb73-5c7d-4a72-8e85-619dc6d60bbe,cf6f18cf-de80-4468-b767-f9f0fcd02e7b,Nikita,yes,,true,https://lh3.googleusercontent.com/a/ACg8ocIv2-Ly1z0ag3ortZ5MWBUEzQ7LBFeiJ9aazsHRzIKXnms=s96-c
bda334aa-d7a1-4267-81b1-142429aeb153,2023-11-23 19:28:01.634+00,32d51a82-74b8-44d3-a26f-917c6980a8d4,anonymousId_34b0e67f-adad-42d8-a277-5d79d640aebf,anonymousId_34b0e67f-adad-42d8-a277-5d79d640aebf,3,,true,
bec7d907-e936-4fd2-8158-559bd405519f,2023-11-24 08:27:44.74+00,232e94b2-33f1-486d-81d9-d30f7eb2f53b,anonymousId_35986166-535e-4349-8e78-2c91ed080723,anonymousId_35986166-535e-4349-8e78-2c91ed080723,What,,true,
bedef92b-656a-43e2-ac26-09e5ba219248,2023-12-07 15:01:41.073+00,ee59ae68-5ac9-4704-aa7a-5f50266766a5,anonymousId_e4a27d7f-6388-439a-9899-88c68030069f,anonymousId_e4a27d7f-6388-439a-9899-88c68030069f," this",,true,
bfe8f839-fa8a-43e7-a297-0686beede390,2023-12-07 15:42:09.126+00,a032f0f6-be9f-4141-b314-e69e1d630b4f,cf6f18cf-de80-4468-b767-f9f0fcd02e7b,Nikita,in,,true,https://lh3.googleusercontent.com/a/ACg8ocIv2-Ly1z0ag3ortZ5MWBUEzQ7LBFeiJ9aazsHRzIKXnms=s96-c
c00ab887-20d6-4380-89ee-f64c873f60de,2024-07-13 18:15:16.527+00,anonymousId_a1290820-fdec-4cca-aa4e-f4c604d62593,anonymousId_a1290820-fdec-4cca-aa4e-f4c604d62593,anonymousId_a1290820-fdec-4cca-aa4e-f4c604d62593,5,,true,
c0154b90-11e8-4f11-b05d-baf77b7eb42e,2024-07-13 16:29:54.528+00,d560bf27-1d5b-44cd-8511-279a38be9b30,anonymousId_2217b434-db9f-4398-ae49-500f9a9edf9e,anonymousId_2217b434-db9f-4398-ae49-500f9a9edf9e,3,,true,
c0e2135e-34b8-4e37-93c2-5957fd556a7a,2023-12-07 14:16:51.119+00,cde8e3c0-68b1-421a-a2cd-d2ba885bd1f9,anonymousId_0417a863-b15c-4f7c-8564-e28fe621dae9,anonymousId_0417a863-b15c-4f7c-8564-e28fe621dae9,sehr schon,,true,
c16246d9-a5fc-4caf-a7dc-160a364575d7,2023-12-04 13:06:35.088+00,08db43f9-610b-4cfb-8e64-d841d7dccdcf,cf6f18cf-de80-4468-b767-f9f0fcd02e7b,Nikita,Hi,,false,https://lh3.googleusercontent.com/a/ACg8ocIv2-Ly1z0ag3ortZ5MWBUEzQ7LBFeiJ9aazsHRzIKXnms=s96-c
c1b2ef06-c7c7-49ac-a879-afe4823497b4,2023-12-07 15:30:41.657+00,f228b2a6-0265-48c4-9eb8-32eafacdd36d,cf6f18cf-de80-4468-b767-f9f0fcd02e7b,Nikita,oh thanks,,true,https://lh3.googleusercontent.com/a/ACg8ocIv2-Ly1z0ag3ortZ5MWBUEzQ7LBFeiJ9aazsHRzIKXnms=s96-c
c22f6fe6-920d-4b42-9526-1427d3c904a7,2023-12-07 15:36:34.407+00,e99c010c-4786-496c-b163-2456138a9bfa,anonymousId_a7bfbd7a-4ea7-4d9c-9388-8310bb4a1940,anonymousId_a7bfbd7a-4ea7-4d9c-9388-8310bb4a1940,cloudlid,,true,
c2dd7376-d53e-4579-9efe-73b8d20499db,2023-12-07 15:36:30.853+00,e99c010c-4786-496c-b163-2456138a9bfa,cf6f18cf-de80-4468-b767-f9f0fcd02e7b,Nikita,neoni,,true,https://lh3.googleusercontent.com/a/ACg8ocIv2-Ly1z0ag3ortZ5MWBUEzQ7LBFeiJ9aazsHRzIKXnms=s96-c
c3276978-711b-4274-a17e-a4b3c55536e8,2024-03-24 19:07:23.199+00,7df4fb73-5c7d-4a72-8e85-619dc6d60bbe,cf6f18cf-de80-4468-b767-f9f0fcd02e7b,Nikita,e,,true,https://lh3.googleusercontent.com/a/ACg8ocIv2-Ly1z0ag3ortZ5MWBUEzQ7LBFeiJ9aazsHRzIKXnms=s96-c
c32e8909-fd94-4415-a269-b5584b7f10d1,2024-01-17 10:04:01.916+00,8f54b1ad-644c-4ef5-b712-e3f095a146b2,cf6f18cf-de80-4468-b767-f9f0fcd02e7b,Nikita,Feel free to open new one,,false,https://lh3.googleusercontent.com/a/ACg8ocIv2-Ly1z0ag3ortZ5MWBUEzQ7LBFeiJ9aazsHRzIKXnms=s96-c
c408ddce-d6f4-4483-a4ba-43008a1ed5e1,2023-11-23 16:39:28.235+00,32d51a82-74b8-44d3-a26f-917c6980a8d4,4b1a856c-bbf4-467e-ab08-2d07b9afab97,Nikita,ok,,true,https://lh3.googleusercontent.com/a/ACg8ocIv2-Ly1z0ag3ortZ5MWBUEzQ7LBFeiJ9aazsHRzIKXnms=s96-c
c4f9b8da-6d9d-4ca5-8869-6987fe23a888,2023-12-07 13:46:46.457+00,1bc84a71-8da1-4925-a996-5d37e8477627,cf6f18cf-de80-4468-b767-f9f0fcd02e7b,Nikita,?,,true,https://lh3.googleusercontent.com/a/ACg8ocIv2-Ly1z0ag3ortZ5MWBUEzQ7LBFeiJ9aazsHRzIKXnms=s96-c
c52ae915-8e6d-495c-9d3d-a90de8872d36,2023-12-07 15:30:52.396+00,f228b2a6-0265-48c4-9eb8-32eafacdd36d,anonymousId_45255a99-b61a-4ff1-864e-58f75f90f568,anonymousId_45255a99-b61a-4ff1-864e-58f75f90f568,3,,true,
c60a794a-1298-4fdf-ad85-0e952b5fbe09,2024-07-13 16:29:49.197+00,d560bf27-1d5b-44cd-8511-279a38be9b30,anonymousId_2217b434-db9f-4398-ae49-500f9a9edf9e,anonymousId_2217b434-db9f-4398-ae49-500f9a9edf9e,5,,true,
c68e1515-6cac-41c8-b50f-8ecf7fff3a02,2023-12-08 09:40:13.131+00,0dfc2724-f4f4-48ff-a862-dec4fae4ec51,anonymousId_5d26f0fd-a3bc-4daa-b595-2b1022b8a182,anonymousId_5d26f0fd-a3bc-4daa-b595-2b1022b8a182,134,,true,
c7924970-05f6-41fa-b6e7-e07a39ddf487,2023-12-07 11:52:35.75+00,8d2b4c87-097f-4e15-a72e-b160ee4b2b65,anonymousId_e1e4ce6f-2720-44b8-8c42-5f1894851af4,anonymousId_e1e4ce6f-2720-44b8-8c42-5f1894851af4,1234,,true,
c7bef400-7978-4040-bb95-16ef259ec3bd,2023-12-07 14:55:30.008+00,f6db5060-ff89-4257-9df2-d98b8e02c2a5,anonymousId_33d257f2-1159-4fe0-b626-495c012b7727,anonymousId_33d257f2-1159-4fe0-b626-495c012b7727,new msg,,true,
c8134578-e847-4b0e-a8d5-c8baeb09a6bf,2023-11-23 19:33:40.261+00,32d51a82-74b8-44d3-a26f-917c6980a8d4,anonymousId_34b0e67f-adad-42d8-a277-5d79d640aebf,anonymousId_34b0e67f-adad-42d8-a277-5d79d640aebf,10,,true,
c81b81c5-139c-4d48-853c-73faf5f62b71,2023-12-07 12:00:55.959+00,8d2b4c87-097f-4e15-a72e-b160ee4b2b65,anonymousId_e1e4ce6f-2720-44b8-8c42-5f1894851af4,anonymousId_e1e4ce6f-2720-44b8-8c42-5f1894851af4,test,,true,
c8266dc8-fcff-4722-967b-b8e42e9e8344,2023-12-07 13:42:58.125+00,1bc84a71-8da1-4925-a996-5d37e8477627,anonymousId_0417a863-b15c-4f7c-8564-e28fe621dae9,anonymousId_0417a863-b15c-4f7c-8564-e28fe621dae9,msg1,,true,
c8513152-4765-470d-bf6c-ee0a20a844b6,2023-11-24 08:27:07.167+00,1e00f153-8ea3-49b4-9002-a9690d081e83,anonymousId_35986166-535e-4349-8e78-2c91ed080723,anonymousId_35986166-535e-4349-8e78-2c91ed080723,I open a new ticket,,true,
c8e377a6-6b16-42eb-82cb-514ca695867f,2024-07-03 23:01:56.339+00,9811a229-5a8d-4035-874b-81badaf5a2a4,anonymousId_76760ffb-69a8-4bc7-919a-b18cbba2382b,anonymousId_76760ffb-69a8-4bc7-919a-b18cbba2382b,Hello,,false,
c8fbb5df-12d9-4cee-a1c3-54243b0fa169,2023-12-07 15:29:37.911+00,f228b2a6-0265-48c4-9eb8-32eafacdd36d,anonymousId_45255a99-b61a-4ff1-864e-58f75f90f568,anonymousId_45255a99-b61a-4ff1-864e-58f75f90f568,one more time ok?,,true,
c9384a00-2c12-4b68-ab3d-3b2847eb3f42,2024-07-13 18:03:25.261+00,anonymousId_2217b434-db9f-4398-ae49-500f9a9edf9e,anonymousId_2217b434-db9f-4398-ae49-500f9a9edf9e,anonymousId_2217b434-db9f-4398-ae49-500f9a9edf9e,1,,true,
c974f389-7289-45f5-a403-ea91ad328603,2023-12-07 14:55:41.832+00,f6db5060-ff89-4257-9df2-d98b8e02c2a5,6048389f-ba04-4800-a734-df936e3559f3,Nikita,da,,true,
c9d8fd9f-239a-42a5-81fb-280a0da007de,2023-12-04 13:07:27.593+00,536e7268-9269-45af-9b02-7148d2c5ff53,cf6f18cf-de80-4468-b767-f9f0fcd02e7b,Nikita,yes,,true,https://lh3.googleusercontent.com/a/ACg8ocIv2-Ly1z0ag3ortZ5MWBUEzQ7LBFeiJ9aazsHRzIKXnms=s96-c
c9e615ec-04da-4d03-89c4-c295cac1d82b,2023-12-07 15:41:08.807+00,5bf59cf7-0b48-4109-ad1c-5985c304a1ca,anonymousId_a7bfbd7a-4ea7-4d9c-9388-8310bb4a1940,anonymousId_a7bfbd7a-4ea7-4d9c-9388-8310bb4a1940,approach,,true,
ca2b2487-5377-42e2-abe9-6dfecbdc9c87,2023-11-24 09:23:02.709+00,07aa5904-50d4-443d-9d77-91578021559e,anonymousId_35986166-535e-4349-8e78-2c91ed080723,anonymousId_35986166-535e-4349-8e78-2c91ed080723,hi,,false,
ca368cf8-45b6-4fa5-a050-ab4076ad8633,2023-12-07 15:13:57.951+00,4df89596-4a77-4384-a775-7ecbef39d798,anonymousId_45255a99-b61a-4ff1-864e-58f75f90f568,anonymousId_45255a99-b61a-4ff1-864e-58f75f90f568,in sidebar you have this,,true,
ca95b7a7-75a8-4f98-8075-701ba748e95a,2023-11-23 16:39:00.274+00,32d51a82-74b8-44d3-a26f-917c6980a8d4,anonymousId_34b0e67f-adad-42d8-a277-5d79d640aebf,anonymousId_34b0e67f-adad-42d8-a277-5d79d640aebf,Are you here?,,true,
cacd6cc5-cf5c-445f-810b-5bce715c84ee,2023-12-07 14:27:08.716+00,cde8e3c0-68b1-421a-a2cd-d2ba885bd1f9,cf6f18cf-de80-4468-b767-f9f0fcd02e7b,Nikita,das geht,,true,https://lh3.googleusercontent.com/a/ACg8ocIv2-Ly1z0ag3ortZ5MWBUEzQ7LBFeiJ9aazsHRzIKXnms=s96-c
cb2b878f-c4ab-4037-8d91-4bf85d5ce7db,2023-12-07 12:02:06.251+00,8d2b4c87-097f-4e15-a72e-b160ee4b2b65,anonymousId_e1e4ce6f-2720-44b8-8c42-5f1894851af4,anonymousId_e1e4ce6f-2720-44b8-8c42-5f1894851af4,1234,,true,
cb4be3d3-d8a7-4888-9dd2-d4ec302e8572,2024-07-13 16:29:53.308+00,d560bf27-1d5b-44cd-8511-279a38be9b30,anonymousId_2217b434-db9f-4398-ae49-500f9a9edf9e,anonymousId_2217b434-db9f-4398-ae49-500f9a9edf9e,1,,true,
cb5ca43f-dab3-4ed5-b293-6f1fb3e70c01,2023-12-08 09:30:41.98+00,cc3b69a3-e5be-4b2d-8b00-c1afe6374e76,anonymousId_5d26f0fd-a3bc-4daa-b595-2b1022b8a182,anonymousId_5d26f0fd-a3bc-4daa-b595-2b1022b8a182,123,,false,
cb6199b8-702f-465f-b8f6-59195e1ade61,2023-12-07 18:15:00.485+00,e87be7e7-3703-486f-a014-f4fb469c9f59,anonymousId_a7bfbd7a-4ea7-4d9c-9388-8310bb4a1940,anonymousId_a7bfbd7a-4ea7-4d9c-9388-8310bb4a1940,123,,false,
cbeebe14-62f2-4c7a-a75d-204a6acf2c0e,2024-07-13 18:15:16.04+00,anonymousId_a1290820-fdec-4cca-aa4e-f4c604d62593,anonymousId_a1290820-fdec-4cca-aa4e-f4c604d62593,anonymousId_a1290820-fdec-4cca-aa4e-f4c604d62593,4,,true,
cc8e4ba0-d67d-4d23-b83e-4775a0c668b3,2023-12-07 15:07:10.651+00,ee59ae68-5ac9-4704-aa7a-5f50266766a5,cf6f18cf-de80-4468-b767-f9f0fcd02e7b,Nikita,strange but now it work without refreshing,,true,https://lh3.googleusercontent.com/a/ACg8ocIv2-Ly1z0ag3ortZ5MWBUEzQ7LBFeiJ9aazsHRzIKXnms=s96-c
cca7d4e4-b9de-4071-bea7-de2ff531ac62,2023-11-23 16:14:59.4+00,32d51a82-74b8-44d3-a26f-917c6980a8d4,anonymousId_34b0e67f-adad-42d8-a277-5d79d640aebf,anonymousId_34b0e67f-adad-42d8-a277-5d79d640aebf,3,,true,
cd7528d2-898d-470c-8c5f-6334aadb80f2,2024-03-24 19:14:28.19+00,abe8cd15-eb25-4c76-92d6-f31635eb3d22,cf6f18cf-de80-4468-b767-f9f0fcd02e7b,Nikita,so,,false,https://lh3.googleusercontent.com/a/ACg8ocIv2-Ly1z0ag3ortZ5MWBUEzQ7LBFeiJ9aazsHRzIKXnms=s96-c
ce65b56d-b2ca-413a-91af-ef6a46f4a6de,2023-12-07 15:15:56.952+00,4df89596-4a77-4384-a775-7ecbef39d798,anonymousId_45255a99-b61a-4ff1-864e-58f75f90f568,anonymousId_45255a99-b61a-4ff1-864e-58f75f90f568,da,,true,
ce6ac101-041b-4487-92ba-9bef29fb909e,2024-02-02 15:52:16.166+00,f30bdbe6-87e7-45b2-b242-297274d1f4d1,cf6f18cf-de80-4468-b767-f9f0fcd02e7b,Nikita,like this,,false,https://lh3.googleusercontent.com/a/ACg8ocIv2-Ly1z0ag3ortZ5MWBUEzQ7LBFeiJ9aazsHRzIKXnms=s96-c
ced87bdd-7a35-4ca1-9d62-2a81cb1e297e,2024-07-13 16:29:48.38+00,d560bf27-1d5b-44cd-8511-279a38be9b30,anonymousId_2217b434-db9f-4398-ae49-500f9a9edf9e,anonymousId_2217b434-db9f-4398-ae49-500f9a9edf9e,4,,true,
cffe713c-804b-4fe5-894d-f5e74d321c9a,2023-12-07 13:52:26.937+00,11541222-d90e-4a10-b9ce-02cd55240f0c,anonymousId_66f8951e-69b8-4a4d-9feb-a83dcb35364d,anonymousId_66f8951e-69b8-4a4d-9feb-a83dcb35364d,ahaah,,true,
d002b527-6104-42e4-8411-47324402993b,2023-12-07 15:30:51.504+00,f228b2a6-0265-48c4-9eb8-32eafacdd36d,anonymousId_45255a99-b61a-4ff1-864e-58f75f90f568,anonymousId_45255a99-b61a-4ff1-864e-58f75f90f568,msg1,,true,
d0783d4c-fc84-40a2-bb11-933b26817060,2023-12-07 14:26:58.496+00,cde8e3c0-68b1-421a-a2cd-d2ba885bd1f9,anonymousId_0417a863-b15c-4f7c-8564-e28fe621dae9,anonymousId_0417a863-b15c-4f7c-8564-e28fe621dae9,?,,true,
d118efcb-f6d7-4163-b04f-efb9fd113b6b,2023-12-07 12:02:11.896+00,8d2b4c87-097f-4e15-a72e-b160ee4b2b65,anonymousId_e1e4ce6f-2720-44b8-8c42-5f1894851af4,anonymousId_e1e4ce6f-2720-44b8-8c42-5f1894851af4,test,,true,
d122d93b-09ba-410f-afa1-8871d7865cd6,2023-12-07 15:42:20.259+00,a032f0f6-be9f-4141-b314-e69e1d630b4f,cf6f18cf-de80-4468-b767-f9f0fcd02e7b,Nikita,ban,,true,https://lh3.googleusercontent.com/a/ACg8ocIv2-Ly1z0ag3ortZ5MWBUEzQ7LBFeiJ9aazsHRzIKXnms=s96-c
d12da0a6-1dcd-4899-bb88-b1275e6f1aa2,2024-07-13 18:15:14.893+00,anonymousId_a1290820-fdec-4cca-aa4e-f4c604d62593,anonymousId_a1290820-fdec-4cca-aa4e-f4c604d62593,anonymousId_a1290820-fdec-4cca-aa4e-f4c604d62593,1,,true,
d1561266-bca2-47a2-9c8f-0bb8a77f8e7c,2023-12-07 15:30:52.105+00,f228b2a6-0265-48c4-9eb8-32eafacdd36d,anonymousId_45255a99-b61a-4ff1-864e-58f75f90f568,anonymousId_45255a99-b61a-4ff1-864e-58f75f90f568,2,,true,
d219e643-1aac-4d67-8c7d-109828cbca0e,2024-03-07 10:00:41.089+00,5a4f623a-6859-4a21-b509-2b62b4821c57,cf6f18cf-de80-4468-b767-f9f0fcd02e7b,Nikita,yes,,true,https://lh3.googleusercontent.com/a/ACg8ocIv2-Ly1z0ag3ortZ5MWBUEzQ7LBFeiJ9aazsHRzIKXnms=s96-c
d21e6d26-abae-42d4-a4d2-66acaf23488a,2023-11-24 13:25:45.818+00,fdac4fde-3efe-4421-b5e1-3b208e2d9f85,anonymousId_35986166-535e-4349-8e78-2c91ed080723,anonymousId_35986166-535e-4349-8e78-2c91ed080723,аоаоао,,false,
d36d4ff3-340b-48ea-a98f-6e281960a441,2023-11-23 16:13:39.775+00,32d51a82-74b8-44d3-a26f-917c6980a8d4,anonymousId_34b0e67f-adad-42d8-a277-5d79d640aebf,anonymousId_34b0e67f-adad-42d8-a277-5d79d640aebf,4,,true,
d3a8a99a-fa0c-41d1-8127-260046240aeb,2023-12-07 14:16:11.671+00,cde8e3c0-68b1-421a-a2cd-d2ba885bd1f9,cf6f18cf-de80-4468-b767-f9f0fcd02e7b,Nikita,super!,,true,https://lh3.googleusercontent.com/a/ACg8ocIv2-Ly1z0ag3ortZ5MWBUEzQ7LBFeiJ9aazsHRzIKXnms=s96-c
d3cf1401-1563-4805-b84d-cd768780c556,2024-03-24 19:10:44.918+00,66439829-5ecb-43dd-ada3-f3ee8571360c,anonymousId_44c96b1a-e1b8-4297-b2bc-b155f35ca597,anonymousId_44c96b1a-e1b8-4297-b2bc-b155f35ca597,d,,true,
d3fa7658-0b8a-4e5f-a9ff-bc9fa8867825,2023-12-07 15:32:20.3+00,ce3108c5-043c-4e3d-9fd5-dd8d4960200e,6048389f-ba04-4800-a734-df936e3559f3,Nikita,yes,,true,
d45b8d0f-1008-4d6b-a898-de063529bb8e,2024-07-13 18:10:59.239+00,anonymousId_2217b434-db9f-4398-ae49-500f9a9edf9e,anonymousId_2217b434-db9f-4398-ae49-500f9a9edf9e,anonymousId_2217b434-db9f-4398-ae49-500f9a9edf9e,2,,true,
d4d5b78e-bf64-4997-bce8-e6db1b664150,2023-12-07 12:00:22.682+00,8d2b4c87-097f-4e15-a72e-b160ee4b2b65,anonymousId_e1e4ce6f-2720-44b8-8c42-5f1894851af4,anonymousId_e1e4ce6f-2720-44b8-8c42-5f1894851af4,123,,true,
d55e57a7-fd22-4010-9160-de0e4c9ac932,2024-06-30 19:31:19.929+00,395183ca-d370-4e7f-8a68-177948356c6a,anonymousId_c72b87fe-5406-4a05-b482-64fcf156ce33,anonymousId_c72b87fe-5406-4a05-b482-64fcf156ce33,aaa,,true,
d60dae04-b1fb-472f-85ce-5499b5474dca,2023-11-23 19:33:58.621+00,32d51a82-74b8-44d3-a26f-917c6980a8d4,anonymousId_34b0e67f-adad-42d8-a277-5d79d640aebf,anonymousId_34b0e67f-adad-42d8-a277-5d79d640aebf,11,,true,
d693c22b-b612-42f5-a1b3-077950489089,2024-03-24 19:06:57.435+00,7df4fb73-5c7d-4a72-8e85-619dc6d60bbe,cf6f18cf-de80-4468-b767-f9f0fcd02e7b,Nikita,so,,true,https://lh3.googleusercontent.com/a/ACg8ocIv2-Ly1z0ag3ortZ5MWBUEzQ7LBFeiJ9aazsHRzIKXnms=s96-c
d714f4bf-ed71-41c6-8687-7279ced804f9,2023-11-23 16:24:35.454+00,32d51a82-74b8-44d3-a26f-917c6980a8d4,4b1a856c-bbf4-467e-ab08-2d07b9afab97,Nikita,what it was?,,true,https://lh3.googleusercontent.com/a/ACg8ocIv2-Ly1z0ag3ortZ5MWBUEzQ7LBFeiJ9aazsHRzIKXnms=s96-c
d73c453f-2df7-4674-9290-2e66b3f0c3b3,2023-12-07 15:41:00.192+00,5bf59cf7-0b48-4109-ad1c-5985c304a1ca,anonymousId_a7bfbd7a-4ea7-4d9c-9388-8310bb4a1940,anonymousId_a7bfbd7a-4ea7-4d9c-9388-8310bb4a1940,let's try,,true,
d7da814c-f6ef-47c4-a455-d68a0458110c,2023-12-07 14:27:16.084+00,cde8e3c0-68b1-421a-a2cd-d2ba885bd1f9,anonymousId_0417a863-b15c-4f7c-8564-e28fe621dae9,anonymousId_0417a863-b15c-4f7c-8564-e28fe621dae9,sehr toll,,true,
d85c07dd-ff6f-44ae-aaa8-d3501b032d10,2023-11-23 18:52:11.978+00,32d51a82-74b8-44d3-a26f-917c6980a8d4,anonymousId_34b0e67f-adad-42d8-a277-5d79d640aebf,anonymousId_34b0e67f-adad-42d8-a277-5d79d640aebf,300,,true,
d8e4be29-c6f1-443f-a8d6-ca60f22cfed1,2023-12-07 13:47:14.335+00,1bc84a71-8da1-4925-a996-5d37e8477627,cf6f18cf-de80-4468-b767-f9f0fcd02e7b,Nikita,so,,true,https://lh3.googleusercontent.com/a/ACg8ocIv2-Ly1z0ag3ortZ5MWBUEzQ7LBFeiJ9aazsHRzIKXnms=s96-c
da5162bf-a52b-4f1d-af8b-8cbec3f99735,2023-12-07 15:34:11.974+00,c1036ba9-6d6d-49e4-b192-ddd482dd2a44,anonymousId_a7bfbd7a-4ea7-4d9c-9388-8310bb4a1940,anonymousId_a7bfbd7a-4ea7-4d9c-9388-8310bb4a1940,ban!,,true,
dc0f1cbc-48d7-40d5-b69d-d2cd97ac6ec1,2023-12-08 09:32:18.888+00,3071da9e-ef86-4446-ad14-e87c8c06306c,anonymousId_5d26f0fd-a3bc-4daa-b595-2b1022b8a182,anonymousId_5d26f0fd-a3bc-4daa-b595-2b1022b8a182,123,,true,
dc530755-fe1f-4052-8cca-3f616b873cf7,2024-02-15 18:48:38.203+00,6dc2a5ce-9ca9-4f25-a021-23aecb56975c,anonymousId_7cc5e475-39a7-4ec9-8436-cbeeb111aeff,anonymousId_7cc5e475-39a7-4ec9-8436-cbeeb111aeff,message from user to support on prod,,true,
df9682e7-da72-4034-8448-54d70f5911c5,2023-12-07 15:02:34.569+00,ee59ae68-5ac9-4704-aa7a-5f50266766a5,6048389f-ba04-4800-a734-df936e3559f3,Nikita,I gues because I added router.refresh(),,true,
dfa9a124-cf77-44be-9336-eb2160d109b7,2023-12-07 11:52:26.493+00,8d2b4c87-097f-4e15-a72e-b160ee4b2b65,anonymousId_e1e4ce6f-2720-44b8-8c42-5f1894851af4,anonymousId_e1e4ce6f-2720-44b8-8c42-5f1894851af4,e,,true,
dfc995ce-a79d-4e43-a7d2-d05af15b84ea,2023-11-23 17:52:50.883+00,32d51a82-74b8-44d3-a26f-917c6980a8d4,anonymousId_34b0e67f-adad-42d8-a277-5d79d640aebf,anonymousId_34b0e67f-adad-42d8-a277-5d79d640aebf,unread,,true,
e00b9df9-13dd-4649-8d75-0ac963f14e22,2023-12-07 14:49:22.908+00,2346391b-abfb-425d-8aa4-05a05900d436,cf6f18cf-de80-4468-b767-f9f0fcd02e7b,Nikita,d,,true,https://lh3.googleusercontent.com/a/ACg8ocIv2-Ly1z0ag3ortZ5MWBUEzQ7LBFeiJ9aazsHRzIKXnms=s96-c
e08942b4-dc4a-45d4-a702-11c4f0872af5,2023-12-07 12:15:36.52+00,8d2b4c87-097f-4e15-a72e-b160ee4b2b65,anonymousId_e1e4ce6f-2720-44b8-8c42-5f1894851af4,anonymousId_e1e4ce6f-2720-44b8-8c42-5f1894851af4,test123456,,true,
e144ed08-b464-4216-9b8a-f8777084f1b0,2023-12-07 15:11:26.247+00,4df89596-4a77-4384-a775-7ecbef39d798,cf6f18cf-de80-4468-b767-f9f0fcd02e7b,Nikita,I'm here,,true,https://lh3.googleusercontent.com/a/ACg8ocIv2-Ly1z0ag3ortZ5MWBUEzQ7LBFeiJ9aazsHRzIKXnms=s96-c
e25cda85-0b0b-4214-b7b0-27e740ae9ad1,2023-11-24 09:24:11.957+00,750f81d5-ed75-4157-978c-5b0d6479dba6,anonymousId_35986166-535e-4349-8e78-2c91ed080723,anonymousId_35986166-535e-4349-8e78-2c91ed080723,new message,,false,
e34d0878-754a-4193-8057-f7b4d0ce6255,2023-11-24 08:32:14.524+00,653afd3a-8597-49d0-bef4-903dabb1f374,anonymousId_35986166-535e-4349-8e78-2c91ed080723,anonymousId_35986166-535e-4349-8e78-2c91ed080723,123,,false,
e3c6ec8d-e5d3-4718-9375-334f90d68dee,2023-12-07 15:15:47.588+00,4df89596-4a77-4384-a775-7ecbef39d798,anonymousId_45255a99-b61a-4ff1-864e-58f75f90f568,anonymousId_45255a99-b61a-4ff1-864e-58f75f90f568,d,,true,
e435b9e1-72be-4035-a979-2070b95a99ce,2023-11-24 09:30:36.269+00,f001e2e8-836e-446d-815d-282b73d8a810,anonymousId_35986166-535e-4349-8e78-2c91ed080723,anonymousId_35986166-535e-4349-8e78-2c91ed080723,hi,,true,
e4d6e5f9-5344-4cb5-b79c-98331c272cfc,2023-12-07 15:01:31.617+00,2346391b-abfb-425d-8aa4-05a05900d436,6048389f-ba04-4800-a734-df936e3559f3,Nikita,so,,false,
e580541a-7b91-4646-a2bb-0ad2520b64e1,2023-12-07 15:29:28.746+00,f228b2a6-0265-48c4-9eb8-32eafacdd36d,cf6f18cf-de80-4468-b767-f9f0fcd02e7b,Nikita,me,,true,https://lh3.googleusercontent.com/a/ACg8ocIv2-Ly1z0ag3ortZ5MWBUEzQ7LBFeiJ9aazsHRzIKXnms=s96-c
e5dd84b1-09e5-4e6e-a2e7-cf323f55efab,2023-12-07 12:01:35.043+00,8d2b4c87-097f-4e15-a72e-b160ee4b2b65,anonymousId_e1e4ce6f-2720-44b8-8c42-5f1894851af4,anonymousId_e1e4ce6f-2720-44b8-8c42-5f1894851af4,123,,true,
e65ad985-0a9e-47a9-84b0-af0d6ab419fa,2023-12-04 13:07:34.946+00,536e7268-9269-45af-9b02-7148d2c5ff53,anonymousId_3ce8c690-4fd9-4dd7-a6dd-d9e08a8d1717,anonymousId_3ce8c690-4fd9-4dd7-a6dd-d9e08a8d1717,me,,true,
e6c53fe7-dad2-4a43-a74a-10002c529c6e,2023-11-24 13:35:38.502+00,8292df73-c0ef-4963-8681-79e597931973,anonymousId_818254f8-c5dd-4976-88c0-5d9ccce20adc,anonymousId_818254f8-c5dd-4976-88c0-5d9ccce20adc,ку,,false,
e70c5a08-cad1-426b-89d4-82ee07e41458,2023-12-07 13:46:52.134+00,1bc84a71-8da1-4925-a996-5d37e8477627,cf6f18cf-de80-4468-b767-f9f0fcd02e7b,Nikita,??,,true,https://lh3.googleusercontent.com/a/ACg8ocIv2-Ly1z0ag3ortZ5MWBUEzQ7LBFeiJ9aazsHRzIKXnms=s96-c
e7581262-d744-481d-bf9d-02111fd41f7a,2023-12-07 14:50:56.249+00,2346391b-abfb-425d-8aa4-05a05900d436,anonymousId_31cba17f-071f-480c-b3b3-7a178497ed89,anonymousId_31cba17f-071f-480c-b3b3-7a178497ed89,in dev,,true,
e78b9210-1830-433f-974b-fddad7b7b927,2024-07-13 18:15:14.83+00,anonymousId_a1290820-fdec-4cca-aa4e-f4c604d62593,anonymousId_a1290820-fdec-4cca-aa4e-f4c604d62593,anonymousId_a1290820-fdec-4cca-aa4e-f4c604d62593,2,,true,
e836c822-79c0-4c2f-a9fa-f3df998d19b4,2023-11-24 09:21:31.771+00,302d46cb-e931-4f8c-92b1-faf397c8e92b,anonymousId_35986166-535e-4349-8e78-2c91ed080723,anonymousId_35986166-535e-4349-8e78-2c91ed080723,hi,,false,
e8585dd5-52af-4d49-ac0a-57a4cd28400d,2024-07-13 18:14:08.84+00,anonymousId_2217b434-db9f-4398-ae49-500f9a9edf9e,anonymousId_2217b434-db9f-4398-ae49-500f9a9edf9e,anonymousId_2217b434-db9f-4398-ae49-500f9a9edf9e,6,,true,
e8b509c1-85d6-4223-b23a-d1f976f2fca3,2024-03-24 19:10:32.887+00,7df4fb73-5c7d-4a72-8e85-619dc6d60bbe,anonymousId_44c96b1a-e1b8-4297-b2bc-b155f35ca597,anonymousId_44c96b1a-e1b8-4297-b2bc-b155f35ca597,f,,true,
e9a0349f-a0ec-4dac-bf2b-6bf69e556472,2023-12-07 12:15:45.41+00,8d2b4c87-097f-4e15-a72e-b160ee4b2b65,anonymousId_e1e4ce6f-2720-44b8-8c42-5f1894851af4,anonymousId_e1e4ce6f-2720-44b8-8c42-5f1894851af4,test1235678,,true,
ec772466-c0cb-4306-b347-405a3e99b976,2025-01-16 11:03:56.339+00,anonymousId_848de359-f6c7-49d7-bff8-b8306ec036a8,anonymousId_848de359-f6c7-49d7-bff8-b8306ec036a8,anonymousId_848de359-f6c7-49d7-bff8-b8306ec036a8,BS,,true,
ecae8aec-e25a-45a7-80c4-50278c57fa13,2023-12-07 14:48:51.426+00,2346391b-abfb-425d-8aa4-05a05900d436,anonymousId_31cba17f-071f-480c-b3b3-7a178497ed89,anonymousId_31cba17f-071f-480c-b3b3-7a178497ed89,4,,true,
ed3ad23f-14d3-40c1-af20-7cbb0c13ab19,2023-12-08 09:43:00.64+00,f3f66574-a447-4d90-a6e4-ec547fbbbd1d,anonymousId_5d26f0fd-a3bc-4daa-b595-2b1022b8a182,anonymousId_5d26f0fd-a3bc-4daa-b595-2b1022b8a182,444,,true,
ed626a0e-99ea-4c46-8e95-e9d5d7809541,2023-11-23 19:34:41.404+00,32d51a82-74b8-44d3-a26f-917c6980a8d4,anonymousId_34b0e67f-adad-42d8-a277-5d79d640aebf,anonymousId_34b0e67f-adad-42d8-a277-5d79d640aebf,7,,true,
ee1e9fe2-1b79-4445-a153-a43aef4dd727,2023-11-23 19:34:39.843+00,32d51a82-74b8-44d3-a26f-917c6980a8d4,anonymousId_34b0e67f-adad-42d8-a277-5d79d640aebf,anonymousId_34b0e67f-adad-42d8-a277-5d79d640aebf,3,,true,
ee848a71-a849-49c9-9759-a844a26a62bb,2023-12-08 09:37:15.316+00,a661b81b-1ba5-49d1-8410-3b4972972c09,anonymousId_5d26f0fd-a3bc-4daa-b595-2b1022b8a182,anonymousId_5d26f0fd-a3bc-4daa-b595-2b1022b8a182,4,,true,
eef12944-f7a3-4725-a2ad-f04cde1070fd,2023-12-07 12:02:13.101+00,8d2b4c87-097f-4e15-a72e-b160ee4b2b65,anonymousId_e1e4ce6f-2720-44b8-8c42-5f1894851af4,anonymousId_e1e4ce6f-2720-44b8-8c42-5f1894851af4,123456,,true,
ef8ef90d-74b4-4006-9f47-d50bf4584a80,2023-12-07 15:37:30.089+00,76cdc5a0-b778-45a7-9e02-34cf7fb64e25,anonymousId_a7bfbd7a-4ea7-4d9c-9388-8310bb4a1940,anonymousId_a7bfbd7a-4ea7-4d9c-9388-8310bb4a1940,now do it,,true,
efa7d256-ab08-45c9-84ad-6b71d76900dc,2023-12-07 14:16:39.532+00,cde8e3c0-68b1-421a-a2cd-d2ba885bd1f9,cf6f18cf-de80-4468-b767-f9f0fcd02e7b,Nikita,dich*,,true,https://lh3.googleusercontent.com/a/ACg8ocIv2-Ly1z0ag3ortZ5MWBUEzQ7LBFeiJ9aazsHRzIKXnms=s96-c
f08a2b14-f94c-4605-a538-f24fd6b06b79,2024-07-13 18:14:07.91+00,anonymousId_2217b434-db9f-4398-ae49-500f9a9edf9e,anonymousId_2217b434-db9f-4398-ae49-500f9a9edf9e,anonymousId_2217b434-db9f-4398-ae49-500f9a9edf9e,4,,true,
f193d7f4-f479-4ac5-97b0-3eee18cec4ec,2024-03-07 10:00:35.268+00,5a4f623a-6859-4a21-b509-2b62b4821c57,anonymousId_37b848f2-7a9c-48cf-88d1-9f5811b06221,anonymousId_37b848f2-7a9c-48cf-88d1-9f5811b06221,message,,true,
f19c4ea1-ee68-4821-a11e-df2e7c63f78b,2024-07-13 18:10:59.411+00,anonymousId_2217b434-db9f-4398-ae49-500f9a9edf9e,anonymousId_2217b434-db9f-4398-ae49-500f9a9edf9e,anonymousId_2217b434-db9f-4398-ae49-500f9a9edf9e,1,,true,
f2206f77-800c-418b-91db-1287910869d8,2023-12-07 15:02:00.365+00,ee59ae68-5ac9-4704-aa7a-5f50266766a5,6048389f-ba04-4800-a734-df936e3559f3,Nikita,that's work,,true,
f2994296-ecc9-4db1-afb4-1c1985579586,2023-11-23 19:31:52.946+00,32d51a82-74b8-44d3-a26f-917c6980a8d4,anonymousId_34b0e67f-adad-42d8-a277-5d79d640aebf,anonymousId_34b0e67f-adad-42d8-a277-5d79d640aebf,8,,true,
f2afb62f-5c1c-4aaf-8e38-038ff4bab40d,2023-12-07 14:24:02.805+00,cde8e3c0-68b1-421a-a2cd-d2ba885bd1f9,cf6f18cf-de80-4468-b767-f9f0fcd02e7b,Nikita,ne,,true,https://lh3.googleusercontent.com/a/ACg8ocIv2-Ly1z0ag3ortZ5MWBUEzQ7LBFeiJ9aazsHRzIKXnms=s96-c
f39d9765-e954-4b32-9cf8-2f95411e52df,2023-12-07 15:38:31.342+00,0951b30c-fe68-41b4-845e-f7468e090f5a,anonymousId_a7bfbd7a-4ea7-4d9c-9388-8310bb4a1940,anonymousId_a7bfbd7a-4ea7-4d9c-9388-8310bb4a1940,one,,true,
f4d67fa7-9b80-4111-89fa-a4c2349a00ec,2023-12-07 13:59:47.585+00,cde8e3c0-68b1-421a-a2cd-d2ba885bd1f9,cf6f18cf-de80-4468-b767-f9f0fcd02e7b,Nikita,message,,true,https://lh3.googleusercontent.com/a/ACg8ocIv2-Ly1z0ag3ortZ5MWBUEzQ7LBFeiJ9aazsHRzIKXnms=s96-c
f53ecd32-a7fe-4985-8012-67fae82a9e92,2023-12-07 15:36:23.205+00,e99c010c-4786-496c-b163-2456138a9bfa,anonymousId_a7bfbd7a-4ea7-4d9c-9388-8310bb4a1940,anonymousId_a7bfbd7a-4ea7-4d9c-9388-8310bb4a1940,looser,,true,
f57afd6c-e845-47d3-b42e-0e7adf6cfe19,2023-11-24 15:29:43.2+00,215d85a7-68f3-458a-9c9e-cbe7bf2dba48,anonymousId_35e2a5c0-3005-4f01-bf10-98d4869131c2,anonymousId_35e2a5c0-3005-4f01-bf10-98d4869131c2,I'm active,,true,
f617cee6-9c39-4d67-86d0-67f461aea8d5,2023-11-23 16:33:05.249+00,32d51a82-74b8-44d3-a26f-917c6980a8d4,4b1a856c-bbf4-467e-ab08-2d07b9afab97,Nikita,yes,,true,https://lh3.googleusercontent.com/a/ACg8ocIv2-Ly1z0ag3ortZ5MWBUEzQ7LBFeiJ9aazsHRzIKXnms=s96-c
f686c769-d9a9-4e32-a83e-56f61ef72f0e,2023-12-07 18:29:56.364+00,4d54e7bd-adf8-4764-aa87-ecbc0bd251b6,anonymousId_d0734f27-66f7-484a-a85c-444af53cfabe,anonymousId_d0734f27-66f7-484a-a85c-444af53cfabe,123,,false,
f6c3dbdc-0d09-455a-b36f-ada98ec2cfc2,2023-12-07 14:16:30.312+00,cde8e3c0-68b1-421a-a2cd-d2ba885bd1f9,cf6f18cf-de80-4468-b767-f9f0fcd02e7b,Nikita,Ich freue mich auf dir!,,true,https://lh3.googleusercontent.com/a/ACg8ocIv2-Ly1z0ag3ortZ5MWBUEzQ7LBFeiJ9aazsHRzIKXnms=s96-c
f85b32d2-06d6-4451-829b-d043ff84e6f8,2023-12-07 15:38:31.944+00,0951b30c-fe68-41b4-845e-f7468e090f5a,anonymousId_a7bfbd7a-4ea7-4d9c-9388-8310bb4a1940,anonymousId_a7bfbd7a-4ea7-4d9c-9388-8310bb4a1940,more,,true,
f910055e-371f-4204-8ff3-b2ca1ceeb1c7,2023-12-07 14:51:03.897+00,2346391b-abfb-425d-8aa4-05a05900d436,anonymousId_31cba17f-071f-480c-b3b3-7a178497ed89,anonymousId_31cba17f-071f-480c-b3b3-7a178497ed89,mode,,true,
f9753b09-4da8-4b79-900f-756b0de4b2f4,2023-12-07 17:42:47.743+00,420e1f6a-2fd4-49d0-a7b8-fc25e0b97e54,anonymousId_a7bfbd7a-4ea7-4d9c-9388-8310bb4a1940,anonymousId_a7bfbd7a-4ea7-4d9c-9388-8310bb4a1940,123,,false,
fa293a8c-3060-4750-ab30-4b9e51817708,2023-12-07 18:36:07.883+00,9bb37f86-5219-4421-8b34-b9a54598e3ec,anonymousId_19d09ffc-6067-4650-88bb-0880d0780cc8,anonymousId_19d09ffc-6067-4650-88bb-0880d0780cc8,123,,true,
faf6bfd3-86f8-42cf-a27a-1d11749376ac,2023-12-07 12:15:38.153+00,8d2b4c87-097f-4e15-a72e-b160ee4b2b65,anonymousId_e1e4ce6f-2720-44b8-8c42-5f1894851af4,anonymousId_e1e4ce6f-2720-44b8-8c42-5f1894851af4,123,,true,
fb06815e-26fe-4896-bbcb-4e1106da93a4,2023-12-07 15:42:04.877+00,a032f0f6-be9f-4141-b314-e69e1d630b4f,anonymousId_a7bfbd7a-4ea7-4d9c-9388-8310bb4a1940,anonymousId_a7bfbd7a-4ea7-4d9c-9388-8310bb4a1940,to make sure,,true,
fbd6cd08-e26b-463a-88a8-37399a99502d,2023-11-24 09:03:28.56+00,f20c2f06-cf65-4c69-aa63-7462fce1502c,anonymousId_35986166-535e-4349-8e78-2c91ed080723,anonymousId_35986166-535e-4349-8e78-2c91ed080723,wait,,false,
fc116735-084a-4d8a-aff4-0ce211eb7521,2023-12-07 15:14:06.132+00,4df89596-4a77-4384-a775-7ecbef39d798,anonymousId_45255a99-b61a-4ff1-864e-58f75f90f568,anonymousId_45255a99-b61a-4ff1-864e-58f75f90f568,"and in ",,true,
fc456e6d-5058-446c-8e4f-afc56979fd51,2024-07-13 18:15:17.078+00,anonymousId_a1290820-fdec-4cca-aa4e-f4c604d62593,anonymousId_a1290820-fdec-4cca-aa4e-f4c604d62593,anonymousId_a1290820-fdec-4cca-aa4e-f4c604d62593,6,,true,
fc8cd92c-0912-4e02-b835-d9ced79c4010,2023-12-07 14:55:41.538+00,f6db5060-ff89-4257-9df2-d98b8e02c2a5,6048389f-ba04-4800-a734-df936e3559f3,Nikita,da,,true,
fcd7490d-6a2b-4d35-9f00-5b000c656f89,2023-11-24 09:14:35.372+00,6ad046da-ce68-4dfa-8cc8-ae314d1715a1,anonymousId_35986166-535e-4349-8e78-2c91ed080723,anonymousId_35986166-535e-4349-8e78-2c91ed080723,12,,false,
fd6a46d8-c075-4d4d-85c1-3ecf7e0ade4a,2023-12-07 16:42:16.013+00,6dc62378-702b-4e94-9e68-cb76e16ebdb5,cf6f18cf-de80-4468-b767-f9f0fcd02e7b,Nikita,amm,,false,https://lh3.googleusercontent.com/a/ACg8ocIv2-Ly1z0ag3ortZ5MWBUEzQ7LBFeiJ9aazsHRzIKXnms=s96-c
fe04edc8-b100-4a04-a902-6c0bdff7b62c,2023-11-23 16:24:25.879+00,32d51a82-74b8-44d3-a26f-917c6980a8d4,anonymousId_34b0e67f-adad-42d8-a277-5d79d640aebf,anonymousId_34b0e67f-adad-42d8-a277-5d79d640aebf,I see,,true,
fe86d93d-60ad-49b1-aa42-1380e6d315ac,2024-01-23 15:30:54.247+00,f1e3fba2-b7ed-4eb0-bdcb-05fae5d7a725,anonymousId_77724e22-cc63-4518-8553-c2236ce6f410,anonymousId_77724e22-cc63-4518-8553-c2236ce6f410,hi,,true,
fec46c74-5ddb-48ce-ab89-896a682ed9e8,2023-11-24 08:30:53.938+00,ba66bcd8-2470-4ffd-9729-61fd2246e3bf,anonymousId_35986166-535e-4349-8e78-2c91ed080723,anonymousId_35986166-535e-4349-8e78-2c91ed080723,what,,false,
ffca9951-36bb-429f-b182-6f713b93dce3,2023-11-23 16:15:12.921+00,32d51a82-74b8-44d3-a26f-917c6980a8d4,anonymousId_34b0e67f-adad-42d8-a277-5d79d640aebf,anonymousId_34b0e67f-adad-42d8-a277-5d79d640aebf,msg,,true,